Name,mean_A2B,X_EA,X_Z,X_IEII,X_Rvdw,mean_X2X,A_Rvdw,mean_A2X,A_IEI,E_coh,A_ChiA,std_A2X,A_ChiP,A_EA,B_Hf,std_B2X,X_G,B_MP,X_Kappa,A_MP,B_Kappa,B_Z,OF,A_Kappa,A_Z,B_Ra,B_Rho,A_CvM,X_MV,A_G,B_EA,A_B,std_X2X,B_CvM,B_ChiP,TF,std_A2B,X_IEI,B_IEI,B_MV,Coeff_A
AlBiO3,-0.9303292421635466,-0.4490500668675767,-0.3622040571405643,0.5713558484042306,-0.1589360970487678,0.4748268634320361,-1.5179158956416772,-0.4149756705139152,0.8492769934426458,-5.699699148339683,2.8320957871252754,1.685227819887046,2.1891108443651186,0.2901597332117708,-0.4267956449833793,0.3860634987261869,0.1875186870247729,-0.8763832949270711,-0.3674305556997124,0.5387772185931886,-1.0000545798004203,1.4518059747588838,-0.640492302331146,3.0627026582967307,-1.242015554113184,0.748870175543916,0.2123579609237968,0.3678798352173528,0.3591888364420176,3.39240949459789,0.1218554188309823,0.7257069527487126,1.738662742311038,-0.5890269308599383,0.2500902190218291,-0.1806321307367866,0.4315754405180604,-0.1397270711479531,-0.4754053470236032,1.1881006331686277,-0.6785670395753163
BaHfO3,-0.3694197453328227,-0.4490500668675767,-0.3622040571405643,0.5713558484042306,-0.1589360970487678,-0.8470350827048564,-0.0314112586973356,-0.6060703447521631,0.1778506041131008,-1.2151697631492056,0.0139497329697929,-0.9990721113509434,-0.353595036567143,-1.314734030181664,0.3350026010745977,-1.1221536505463567,0.1875186870247729,0.9718766467275072,-0.3674305556997124,0.660890883587452,-0.8316221362947711,1.035788632594176,0.0635850929701481,-0.9832997880948108,0.9136522088279628,0.5356687020794559,0.7939644081675696,-0.5535232849294756,0.3591888364420176,-0.1197320998093373,-0.9428964174674724,-0.459120725208369,-1.1928947500599572,-0.5522167188634416,-1.1875541537982628,0.3137499095411862,-0.7205654257996832,-0.1397270711479531,-0.8006503814886471,-0.1029163645410567,-0.40027992539063556
BaLiF3,-0.6362155695713592,1.4123489357201058,-0.2662559625337923,0.5426881507425069,-0.4466032410284384,-1.1182576087331668,-0.0314112586973356,-0.8771903804860146,0.1778506041131008,0.1282058644004702,0.0139497329697929,-0.9990721113509434,-0.353595036567143,-1.314734030181664,-0.8104874917924983,-1.1221536505463567,0.4554025256315916,-0.9618521261401046,-0.3555324224381685,0.660890883587452,-0.1354347031380878,-1.5737746955299,0.4194200945309803,-0.9832997880948108,0.9136522088279628,0.1092657551505357,-1.3108577911353194,-0.5535232849294756,-1.653641031634246,-0.1197320998093373,-0.2470717525180437,-0.459120725208369,-1.1928947500599572,5.200215501316378,-1.8265072083849705,0.208741388519333,-0.7205654257996832,2.1225636079289667,-1.81316106801104,-0.1718143491710526,0.2834313512926516
BaLiH3,-0.676717434897744,-1.127913232517202,-1.0338407193879684,,-2.5753401064779977,-1.1594314848762153,-0.0314112586973356,-0.918348697734484,0.1778506041131008,0.9666994870546702,0.0139497329697929,-0.9990721113509434,-0.353595036567143,-1.314734030181664,-0.8104874917924983,-1.1221536505463567,-3.830738892077508,-0.9618521261401046,1.2677129011010395,0.660890883587452,-0.1354347031380878,-1.5737746955299,0.3823541994142509,-0.9832997880948108,0.9136522088279628,0.1092657551505357,-1.3108577911353194,-0.5535232849294756,-1.581754250631522,-0.1197320998093373,-0.2470717525180437,-0.459120725208369,-1.1928947500599572,5.200215501316378,-1.8265072083849705,0.1937820740720867,-0.7205654257996832,-0.1513853228976509,-1.81316106801104,-0.1718143491710526,-1.6843812816688448
BaSeO3,-0.2568838885608779,-0.4490500668675767,-0.3622040571405643,0.5713558484042306,-0.1589360970487678,-0.002596096942191,-0.0314112586973356,-0.7622682800387369,0.1778506041131008,-0.2492460930936852,0.0139497329697929,-0.699702008812623,-0.353595036567143,-1.314734030181664,-0.6358239197809452,0.7913629763451508,0.1875186870247729,-0.9238712134932368,-0.3674305556997124,0.660890883587452,-1.084046224961904,-0.4013621857929964,-0.7813077813914052,-0.9832997880948108,0.9136522088279628,-1.1699430856362238,-0.6050215248485423,-0.5535232849294756,0.3591888364420176,-0.1197320998093373,1.3337111272496185,-0.459120725208369,0.7109803400895165,-0.2560618314370808,1.308356215681063,1.1199337638935496,-0.4426395432174472,-0.1397270711479531,1.2671911889785528,0.3859312406908191,-0.009186555008944886
BaTiO3,-0.6427051781433981,-0.4490500668675767,-0.3622040571405643,0.5713558484042306,-0.1589360970487678,-0.3878756888972581,-0.0314112586973356,-0.8176196486047016,0.1778506041131008,-0.7975872865209309,0.0139497329697929,-0.834523486001273,-0.353595036567143,-1.314734030181664,-0.2827100316491875,1.0282227202348933,0.1875186870247729,0.4395220040710855,-0.3674305556997124,0.660890883587452,-0.8428509658618144,-0.855199286336314,-0.3588613442106287,-0.9832997880948108,0.9136522088279628,-0.1039357183139243,-0.6564269672111648,-0.5535232849294756,0.3591888364420176,-0.1197320998093373,-0.8541670977759346,-0.459120725208369,0.4769995592313337,0.0835960338033216,-0.7083393628582322,0.6951923981733793,-0.5035264563540335,-0.1397270711479531,-0.7984958794902578,-0.5622362620743624,-0.37661431588026373
CaCO3,-0.0876689386156013,-0.4490500668675767,-0.3622040571405643,0.5713558484042306,-0.1589360970487678,-0.5492577999307504,-0.6861811583037719,0.5308315437243128,0.9597716435019,-0.7121023953675566,0.6029884574039308,1.5674970445947736,0.0348739174641746,-1.965685686227057,4.604556583579229,0.8382942173911012,0.1875186870247729,2.191110111501683,-0.3674305556997124,0.8719696672089804,0.4821509230492926,-1.460315420394071,-2.1492295779767767,2.41012161855616,-0.8910928950297415,-3.088756346816363,-1.0254916816094797,0.0354833272278765,0.3591888364420176,-0.1197320998093373,0.85387230628617,-0.459120725208369,0.3953974768501866,0.3931364528647719,1.308356215681063,2.0168164798164576,1.895530957868219,-0.1397270711479531,2.332369913041244,-1.4398653520040718,-1.0689158003348056
CaSnO3,-0.0523435479423183,-0.4490500668675767,-0.3622040571405643,0.5713558484042306,-0.1589360970487678,-0.5053382927496057,-0.6861811583037719,0.237680423593461,0.9597716435019,-0.2735563067076899,0.6029884574039308,1.3271812880185707,0.0348739174641746,-1.965685686227057,-0.6140501411561988,1.142842047539956,0.1875186870247729,-0.9134314091735322,-0.3674305556997124,0.8719696672089804,-0.3375536353448668,0.2037539482647604,-0.0168808950642855,2.41012161855616,-0.8910928950297415,0.1092657551505357,-0.1946017911136306,0.0354833272278765,0.3591888364420176,-0.1197320998093373,0.3098214776512138,-0.459120725208369,-0.4022562299938637,-0.4133418281493853,0.1302865212868213,-0.2707992495582557,1.1724990543518627,-0.1397270711479531,-0.4341378038282253,0.3646056740196294,-0.6027853456000378
CaTcN3,0.5423399948163858,-1.782886785299392,-0.4581521517473363,-0.4814715471591844,0.0136641893390344,0.3654899736611833,-0.6861811583037719,-0.1763102172254439,0.9597716435019,-0.8433022113570441,0.6029884574039308,0.6199460566395295,0.0348739174641746,-1.965685686227057,0.6232684963456975,1.205352304461182,-0.0803651515820458,0.9002678806356699,-0.3753980556516392,0.8719696672089804,-0.5172149084175593,-0.0609843603855081,-0.709659983826498,2.41012161855616,-0.8910928950297415,-0.3171371917783835,0.4957469380510742,0.0354833272278765,-0.8890270882416395,-0.1197320998093373,-0.3241261617238529,-0.459120725208369,1.4497724125414326,,0.0104828235518135,0.0628864753721348,3.954205365751095,0.4049529673745289,-0.479290514561682,-0.8919623313750569,-0.8654778595465913
CaWN3,-0.0977616261422565,-1.782886785299392,-0.4581521517473363,-0.4814715471591844,0.0136641893390344,-0.2949859307202157,-0.6861811583037719,0.2043854051414731,0.9597716435019,-1.0377487872646376,0.6029884574039308,0.93272411084275,0.0348739174641746,-1.965685686227057,1.523566908177605,1.0689098107441468,-0.0803651515820458,2.0921769478221712,-0.3753980556516392,0.8719696672089804,0.819015810060591,1.1114281493513956,-0.5608530196532306,2.41012161855616,-0.8910928950297415,-0.3171371917783835,1.772644945455958,0.0354833272278765,-0.8890270882416395,-0.1197320998093373,-0.025248453289199,-0.459120725208369,0.8275763709757142,-0.5722950163160762,0.9289778395202056,-0.0701471639599362,0.662083607396017,0.4049529673745289,-0.0667351696045343,-0.7541663621150652,-0.7609683767315375
CdSnO3,-0.095369735349632,-0.4490500668675767,-0.3622040571405643,0.5713558484042306,-0.1589360970487678,-0.5631132918774263,-0.9162354473546817,0.1659332448594982,3.458339203785849,0.1594355224831787,2.474052640900604,1.315027243572776,2.471633720024258,-2.098911543293342,-0.6140501411561988,1.0939201720949867,0.1875186870247729,-0.9134314091735322,-0.3674305556997124,-0.0839051930903203,-0.3375536353448668,0.2037539482647604,-0.0168808950642855,0.4896688444624787,0.5125977413040287,0.1092657551505357,-0.1946017911136306,-0.5176244620666121,0.3591888364420176,3.073123895106324,0.3098214776512138,1.910534630705794,-0.4582908422355315,-0.4133418281493853,0.1302865212868213,-0.3434856439895354,1.1500190450864771,-0.1397270711479531,-0.4341378038282253,0.3646056740196294,-0.40141575824018155
CsAuBr3,2.1085680533882223,1.378505317491239,2.22839449724228,-2.0093282243361874,1.7396670532170564,1.677839516402616,1.2958250242886833,1.9793199007878088,-0.9651200656890332,1.2285792383398288,-0.8407339064052304,-0.9201578051016532,-0.7067486311410681,0.4588000586121317,-0.3584449138222186,-0.3821591206704278,0.4554025256315916,-0.1292683094375907,0.6250012383122826,-0.6210181013613454,2.503340245117083,1.300526941244445,0.2830191266660911,-0.6476866819425169,0.8635204003874712,-0.3171371917783835,1.780882997116635,-0.5029990157150751,1.1499434274719789,-0.4390176993009034,1.6582736387528754,-0.459120725208369,-0.1677145335104631,-0.5773145906792347,1.288388932725229,-0.6059774440746987,-0.7205654257996832,-1.212527638261307,0.8950203945944912,-0.6327746749098343,1.8379551854469927
CsAuCl3,1.7352216684911266,1.6213830483101663,0.5013287943203837,-1.5853972541236352,1.1643327652577151,1.436259070187695,1.2958250242886833,1.6078083385631174,-0.9651200656890332,1.1182305072220171,-0.8407339064052304,-0.9288767274016096,-0.7067486311410681,0.4588000586121317,-0.3584449138222186,-0.3135051577315546,0.4554025256315916,-0.1292683094375907,-0.5552510878997988,-0.6210181013613454,2.503340245117083,1.300526941244445,0.5379343152504835,-0.6476866819425169,0.8635204003874712,-0.3171371917783835,1.780882997116635,-0.5029990157150751,0.3689915793060257,-0.4390176993009034,1.6582736387528754,-0.459120725208369,0.0356913068624924,-0.5773145906792347,1.288388932725229,-0.5422945493061394,-0.7205654257996813,-0.5264644661108842,0.8950203945944912,-0.6327746749098343,1.4722148796547336
CsAuI3,2.711774493495292,1.085857559865154,3.955460200164176,-2.478482821399004,2.4876016275641986,2.1888257548033305,1.2958250242886833,2.5878853363608507,-0.9651200656890332,1.3306077622219792,-0.8407339064052304,-0.9256328457298784,-0.7067486311410681,0.4588000586121317,-0.3584449138222186,-0.3851099979285252,0.4554025256315916,-0.1292683094375907,4.120077883890814,-0.6210181013613454,2.503340245117083,1.300526941244445,-0.0525419579431822,-0.6476866819425169,0.8635204003874712,-0.3171371917783835,1.780882997116635,-0.5029990157150751,3.090886514545518,-0.4390176993009034,1.6582736387528754,-0.459120725208369,-0.3564421551257725,-0.5773145906792347,1.288388932725229,-0.6958645994700784,-0.7205654257996813,-2.022689026491669,0.8950203945944912,-0.6327746749098343,2.019726688615673
CsAuSe3,0.7552101224362712,0.0884662226497219,2.132446402635508,-2.085813565403061,2.0273341971967254,0.9128901074816598,1.2958250242886833,2.0028391519315654,-0.9651200656890332,0.9497778237218828,-0.8407339064052304,-0.1052520599835634,-0.7067486311410681,0.4588000586121317,-0.3584449138222186,-0.1452604558358232,0.1875186870247729,-0.1292683094375907,4.874334546006546,-0.6210181013613454,2.503340245117083,1.300526941244445,0.2519486558689364,-0.6476866819425169,0.8635204003874712,-0.3171371917783835,1.780882997116635,-0.5029990157150751,0.0520362267031079,-0.4390176993009034,1.6582736387528754,-0.459120725208369,1.3403098159840172,-0.5773145906792347,1.288388932725229,-0.6140013514198622,0.6990152476922931,-2.4382346173679386,0.8950203945944912,-0.6327746749098343,1.4485897959447451
CsBeH3,-0.3690003461668023,-1.127913232517202,-1.0338407193879684,,-2.5753401064779977,0.3214099158522164,1.2958250242886833,-0.1112992382918169,-0.9651200656890332,1.066177734928629,-0.8407339064052304,-0.75083885639134,-0.7067486311410681,0.4588000586121317,-0.5787860866443812,1.6954086833415134,-3.830738892077508,0.0805359530054277,1.2677129011010395,-0.6210181013613454,1.0435924014014566,-1.5359549371512904,-2.1244708124277207,-0.6476866819425169,0.8635204003874712,-1.596346032565143,-1.0945265545259502,-0.5029990157150751,-1.581754250631522,-0.4390176993009034,-0.9428964174674724,-0.459120725208369,1.6845312148814633,2.260418115959792,-0.6484375139907282,3.9772060578661295,-0.6005838617641739,-0.1513853228976509,0.9636607090808808,-1.51204419304502,-0.8663618507514551
CsBiO3,-0.0099268217371606,-0.4490500668675767,-0.3622040571405643,0.5713558484042306,-0.1589360970487678,-0.4815774181960496,1.2958250242886833,-0.2407507803643024,-0.9651200656890332,0.3661940409103181,-0.8407339064052304,-0.9990721113509434,-0.7067486311410681,0.4588000586121317,-0.4267956449833793,-1.1221536505463567,0.1875186870247729,-0.8763832949270711,-0.3674305556997124,-0.6210181013613454,-1.0000545798004203,1.4518059747588838,0.8078954822886595,-0.6476866819425169,0.8635204003874712,0.748870175543916,0.2123579609237968,-0.5029990157150751,0.3591888364420176,-0.4390176993009034,0.1218554188309823,-0.459120725208369,-1.1928947500599572,-0.5890269308599383,0.2500902190218291,0.3229412091851461,-0.7205654257996832,-0.1397270711479531,-0.4754053470236032,1.1881006331686277,0.8076839636429995
CsBrO3,0.4708816913114421,-0.4490500668675767,-0.3622040571405643,0.5713558484042306,-0.1589360970487678,0.7035069694899307,1.2958250242886833,0.5535613409588628,-0.9651200656890332,0.668910871218137,-0.8407339064052304,-0.5749882430498262,-0.7067486311410681,0.4588000586121317,-0.7023286131891382,1.3914965610730288,0.1875186870247729,-1.1388859558900428,-0.3674305556997124,-0.6210181013613454,-1.0885377567887211,-0.3635424274143866,-1.2238707155807902,-0.6476866819425169,0.8635204003874712,-1.1699430856362238,,-0.5029990157150751,0.3591888364420176,-0.4390176993009034,2.846779526200054,-0.459120725208369,1.2137289091612913,-6.353891598939128e-05,2.1270148168702825,2.386849264072761,-0.3210463119764344,-0.1397270711479531,2.723359046191564,0.937115117730786,0.2954372963284521
CsCaF3,0.2496082834462732,1.4123489357201058,-0.2662559625337923,0.5426881507425069,-0.4466032410284384,-0.2177360817666664,1.2958250242886833,0.0229908549943139,-0.9651200656890332,0.2257801928448921,-0.8407339064052304,-0.9990721113509434,-0.7067486311410681,0.4588000586121317,-0.5482554622683781,-1.1221536505463567,0.4554025256315916,-0.3387522168744087,-0.3555324224381685,-0.6210181013613454,1.1558806970718891,-0.9308388030935336,2.870971403128706,-0.6476866819425169,0.8635204003874712,1.601676069401755,-1.143625342423583,-0.5029990157150751,-1.653641031634246,-0.4390176993009034,-0.9152268796162956,-0.459120725208369,-1.1928947500599572,0.2893985826928265,-1.7865726424733013,-0.8288923085153732,-0.7205654257996832,2.1225636079289667,-1.3035394036766228,1.9902700256464367,0.8112011197003364
CsCaH3,0.325570195691004,-1.127913232517202,-1.0338407193879684,,-2.5753401064779977,-0.1405138022210297,1.2958250242886833,0.1001839535781577,-0.9651200656890332,1.1041539693407278,-0.8407339064052304,-0.9990721113509434,-0.7067486311410681,0.4588000586121317,-0.5482554622683781,-1.1221536505463567,-3.830738892077508,-0.3387522168744087,1.2677129011010395,-0.6210181013613454,1.1558806970718891,-0.9308388030935336,2.8056183775281567,-0.6476866819425169,0.8635204003874712,1.601676069401755,-1.143625342423583,-0.5029990157150751,-1.581754250631522,-0.4390176993009034,-0.9152268796162956,-0.459120725208369,-1.1928947500599572,0.2893985826928265,-1.7865726424733013,-0.8346694609039385,-0.7205654257996832,-0.1513853228976509,-1.3035394036766228,1.9902700256464367,-0.9943211392828184
CsCdCl3,1.4889896633087771,1.6213830483101663,0.5013287943203837,-1.5853972541236352,1.1643327652577151,1.042209232288244,1.2958250242886833,1.2824600575398648,-0.9651200656890332,1.1483003514791483,-0.8407339064052304,-0.9990721113509434,-0.7067486311410681,0.4588000586121317,-0.6585443844328546,-1.1221536505463567,0.4554025256315916,-0.8294418643126588,-0.5552510878997988,-0.6210181013613454,-0.0006887483335684,0.1281144315075408,1.1380949994852096,-0.6476866819425169,0.8635204003874712,0.5356687020794559,0.026177993392504,-0.5029990157150751,0.3689915793060257,-0.4390176993009034,-0.9428964174674724,-0.459120725208369,-1.1928947500599572,-0.4066490623318404,-0.4088301185207131,-0.9426824596217472,-0.7205654257996832,-0.5264644661108842,0.7313418181857098,-0.1750952055820047,1.653771936494537
CsCdF3,0.220665505513216,1.4123489357201058,-0.2662559625337923,0.5426881507425069,-0.4466032410284384,-0.2471590810346819,1.2958250242886833,-0.0064210258319445,-0.9651200656890332,0.7221001372462288,-0.8407339064052304,-0.9990721113509434,-0.7067486311410681,0.4588000586121317,-0.6585443844328546,-1.1221536505463567,0.4554025256315916,-0.8294418643126588,-0.3555324224381685,-0.6210181013613454,-0.0006887483335684,0.1281144315075408,2.744167025097789,-0.6476866819425169,0.8635204003874712,0.5356687020794559,0.026177993392504,-0.5029990157150751,-1.653641031634246,-0.4390176993009034,-0.9428964174674724,-0.459120725208369,-1.1928947500599572,-0.4066490623318404,-0.4088301185207131,-0.7599968906920869,-0.7205654257996832,2.1225636079289667,0.7313418181857098,-0.1750952055820047,1.00669431852659
CsGeCl3,1.7249687264920803,1.6213830483101663,0.5013287943203837,-1.5853972541236352,1.1643327652577151,1.158412961692193,1.2958250242886833,1.6529294802838588,-0.9651200656890332,0.9014453636823416,-0.8407339064052304,-0.8813908094094081,-0.7067486311410681,0.4588000586121317,0.7960386963029247,-0.4408227753388577,0.4554025256315916,-0.2479221504105519,-0.5552510878997988,-0.6210181013613454,-0.4161554423141698,-0.477001702550216,-0.602370984795496,-0.6476866819425169,0.8635204003874712,-0.7435401387073036,-0.5219819641089215,-0.5029990157150751,0.3689915793060257,-0.4390176993009034,0.4464179303342393,-0.459120725208369,-0.5882169563057588,-0.257735022891467,0.230122936065994,0.3921540854776867,-0.4654012084922682,-0.5264644661108842,-0.0417288185412617,-0.0717482286370107,1.5629803838485266
CsIO3,0.3762592004072984,-0.4490500668675767,-0.3622040571405643,0.5713558484042306,-0.1589360970487678,0.2887632194583223,1.2958250242886833,0.3298270218336117,-0.9651200656890332,0.5500382278378031,-0.8407339064052304,-0.8347723625520675,-0.7067486311410681,0.4588000586121317,-0.5851762173277307,-0.0303122174638118,0.1875186870247729,-1.0248301514766625,-0.3674305556997124,-0.6210181013613454,-1.084843471861164,0.3172132234005898,1.0291769493833514,-0.6476866819425169,0.8635204003874712,-0.1039357183139243,-0.5850854398297048,-0.5029990157150751,0.3591888364420176,-0.4390176993009034,2.503537157919631,-0.459120725208369,1.1417887771865944,-0.4350933170564061,1.5279963281952444,0.1528886901556634,-0.6301491186650257,-0.1397270711479531,1.7608688321307913,1.911529471783584,0.3582007133679006
CsMgBr3,1.848452937186226,1.378505317491239,2.22839449724228,-2.0093282243361874,1.7396670532170564,1.1359864228623944,1.2958250242886833,1.8126611097240095,-0.9651200656890332,1.0545638248614542,-0.8407339064052304,-0.7973632922783289,-0.7067486311410681,0.4588000586121317,-0.5510955203498666,-1.122148825699084,0.4554025256315916,-0.519658573316945,0.6250012383122826,-0.6210181013613454,0.7067275143901581,-1.233396870122412,-0.7977294116025136,-0.6476866819425169,0.8635204003874712,0.3224672286149958,-1.1126502681794388,-0.5029990157150751,1.1499434274719789,-0.4390176993009034,-0.9428964174674724,-0.459120725208369,-0.7994203981507604,0.9185185695420444,-1.1675868708424282,0.2936955848060555,-0.7205654257996832,-1.212527638261307,-0.2205842721419758,-0.0110523850343954,1.586297840551893
CsMgCl3,1.4191228842487398,1.6213830483101663,0.5013287943203837,-1.5853972541236352,1.1643327652577151,0.5443396817896186,1.2958250242886833,1.3959229331936849,-0.9651200656890332,0.884925393148795,-0.8407339064052304,-0.7926363174393026,-0.7067486311410681,0.4588000586121317,-0.5510955203498666,-1.1221536249570785,0.4554025256315916,-0.519658573316945,-0.5552510878997988,-0.6210181013613454,0.7067275143901581,-1.233396870122412,-0.6323790190072325,-0.6476866819425169,0.8635204003874712,0.3224672286149958,-1.1126502681794388,-0.5029990157150751,0.3689915793060257,-0.4390176993009034,-0.9428964174674724,-0.459120725208369,-0.7425565206875524,0.9185185695420444,-1.1675868708424282,0.4205355085437229,-0.7205654257996832,-0.5264644661108842,-0.2205842721419758,-0.0110523850343954,1.160540753609315
CsPbF3,0.6844694436147403,1.4123489357201058,-0.2662559625337923,0.5426881507425069,-0.4466032410284384,0.816221614424706,1.2958250242886833,0.2417670031163714,-0.9651200656890332,0.4931503619869644,-0.8407339064052304,-0.5985518067359312,-0.7067486311410681,0.4588000586121317,-0.7265164411831501,-1.0841503477765757,0.4554025256315916,-0.8234210746373056,-0.3555324224381685,-0.6210181013613454,-0.6968761814902518,1.413986216380274,2.236949512974122,-0.6476866819425169,0.8635204003874712,1.601676069401755,0.4693851727369089,-0.5029990157150751,-1.653641031634246,-0.4390176993009034,-0.5331070594183961,-0.459120725208369,0.1711036814512058,-0.5756413992248486,0.8690759906527021,-0.4677132999266295,-0.5469093052173533,2.1225636079289667,-0.3827758889748202,0.68777003049842,1.2189020920918563
CsReO3,-0.6097478579644046,-0.4490500668675767,-0.3622040571405643,0.5713558484042306,-0.1589360970487678,-1.09135074232806,1.2958250242886833,-0.8502936817196404,-0.9651200656890332,-0.4036291652061666,-0.8407339064052304,-0.999072111350943,-0.7067486311410681,0.4588000586121317,0.6606625944186315,-1.1221536505463563,0.1875186870247729,1.8698128846948876,-0.3674305556997124,-0.6210181013613454,-0.5509013971186891,1.1492479077300055,-0.4594438292536705,-0.6476866819425169,0.8635204003874712,-0.3171371917783835,2.064271974243912,-0.5029990157150751,0.3591888364420176,-0.4390176993009034,-0.7736102154244068,-0.459120725208369,-1.1928947500599565,-0.563929059044145,0.0104828235518135,1.4835917041155335,-0.7205654257996832,-0.1397270711479531,-0.0882872535294053,-0.854232482649107,-0.3657180296562559
CsSbO3,-0.3816365030286277,-0.4490500668675767,-0.3622040571405643,0.5713558484042306,-0.1589360970487678,-0.859454542010822,1.2958250242886833,-0.6184851109595875,-0.9651200656890332,0.2467994890434789,-0.8407339064052304,-0.9990721113509434,-0.7067486311410681,0.4588000586121317,-0.0157445719892528,-1.1221536505463567,0.1875186870247729,-0.537768053373328,-0.3674305556997124,-0.6210181013613454,-0.8203933067277278,0.2415737066433702,-0.3789778412192368,-0.6476866819425169,0.8635204003874712,0.1092657551505357,-0.2956003044735266,-0.5029990157150751,0.3591888364420176,-0.4390176993009034,0.2619543446597263,-0.459120725208369,-1.1928947500599572,-0.4468056572371097,0.3099920678893325,1.3987513179171216,-0.7205654257996832,-0.1397270711479531,0.4590763410581078,0.6762870330600873,0.2932589065039656
CsSnS3,1.2383299855527932,0.1382362494568792,0.4053806997136117,-1.676134427321474,1.451999909237386,0.6920608802876542,1.2958250242886833,1.0085019556808754,-0.9651200656890332,0.6546632912015734,-0.8407339064052304,-0.8807533967341502,-0.7067486311410681,0.4588000586121317,-0.6140501411561988,-0.2760652764527852,0.1875186870247729,-0.9134314091735322,1.5279845661973133,-0.6210181013613454,-0.3375536353448668,0.2037539482647604,-0.756162160130645,-0.6476866819425169,0.8635204003874712,0.1092657551505357,-0.1946017911136306,-0.5029990157150751,-0.2387784782624568,-0.4390176993009034,0.3098214776512138,-0.459120725208369,0.4294711493221756,-0.4133418281493853,0.1302865212868213,0.4791443008914738,-0.7104222905136562,-2.076945948619474,-0.4341378038282253,0.3646056740196294,0.9700186142342646
CsSrBr3,2.416616279483633,1.378505317491239,2.22839449724228,-2.0093282243361874,1.7396670532170564,2.522490939582799,1.2958250242886833,1.8323686193563935,-0.9651200656890332,0.9027102299387408,-0.8407339064052304,0.0564505006530915,-0.7067486311410681,0.4588000586121317,-0.6007965367759184,-1.0689963101676354,0.4554025256315916,-0.399996556295059,0.6250012383122826,-0.6210181013613454,-0.6968761814902518,-0.2500831522785572,0.4769996335348149,-0.6476866819425169,0.8635204003874712,2.4544819632595947,-0.9656834265529668,-0.5029990157150751,1.1499434274719789,-0.4390176993009034,-0.8841716177242572,-0.459120725208369,-0.7020757194783099,-0.2811597032528741,-1.8864090572524743,-0.7438009458042659,0.2426727683195562,-1.212527638261307,-1.5990311187409596,3.259961456684932,1.8819272138601089
CsWO3,-0.5774127039794855,-0.4490500668675767,-0.3622040571405643,0.5713558484042306,-0.1589360970487678,-1.0584790803808208,1.2958250242886833,-0.8174344414040469,-0.9651200656890332,-0.587869239472206,-0.8407339064052304,-0.9990721113509434,-0.7067486311410681,0.4588000586121317,1.523566908177605,-1.1221536505463567,0.1875186870247729,2.0921769478221712,-0.3674305556997124,-0.6210181013613454,0.819015810060591,1.1114281493513956,-0.2985118531848034,-0.6476866819425169,0.8635204003874712,-0.3171371917783835,1.772644945455958,-0.5029990157150751,0.3591888364420176,-0.4390176993009034,-0.025248453289199,-0.459120725208369,-1.1928947500599572,-0.5722950163160762,0.9289778395202056,1.3156335791542102,-0.7205654257996832,-0.1397270711479531,-0.0667351696045343,-0.7541663621150652,-0.3569515761427827
InBO3,-0.5671263966195699,-0.4490500668675767,-0.3622040571405643,0.5713558484042306,-0.1589360970487678,-0.9261453368817416,-1.3586475416833552,-0.0736457998795343,0.6763185880559978,-0.4654711185779984,2.997642618175392,1.3826064293068676,2.789471955140791,-0.4743430752698653,1.4236915323119206,0.5041650722083568,0.1875186870247729,0.823948011511475,-0.3674305556997124,-0.3857845630227794,-0.786706818026598,-1.4981351787726809,-1.7066666437873916,0.2099912560022338,0.5627295497445204,-2.449151926422983,-0.9936928021992676,-0.5149652900026962,0.3591888364420176,3.39240949459789,-0.6311763074985169,0.7257069527487126,-0.1776060717314498,0.9235381439052032,0.2900247849334983,0.1375008673088054,1.2843653365154584,-0.1397270711479531,0.2398328049138166,-1.58750389049692,-1.3132720159792386
InGaO3,-0.3897190784743671,-0.4490500668675767,-0.3622040571405643,0.5713558484042306,-0.1589360970487678,0.6367121305271817,-1.3586475416833552,-1.38757749057948,0.6763185880559978,-0.0325619033141153,2.997642618175392,0.0031373102753013,2.789471955140791,-0.4743430752698653,-0.6881283227816949,1.320994958645979,0.1875186870247729,-1.103920149183884,-0.3674305556997124,-0.3857845630227794,-0.7642491588925114,-0.5148214609288259,-0.2985118531848034,0.2099912560022338,0.5627295497445204,-0.5303386652428436,-0.4262558038118586,-0.5149652900026962,0.3591888364420176,3.39240949459789,-0.605491504429914,0.7257069527487126,1.3503414757789312,-0.1690558758089974,-0.1692227230506976,-1.092979531746245,-0.7205654257996832,-0.1397270711479531,-1.3839687292617395,-0.3719465902391357,-0.7686123452922259
KCaBr3,1.7613643723035308,1.378505317491239,2.22839449724228,-2.0093282243361874,1.7396670532170564,2.2387531998135195,0.0924641277146924,1.1960912035708575,-0.5776200498358591,0.8878592370748323,-0.5519894336433984,0.1043459276151598,-0.6008025527688909,0.6218190398324805,-0.5482554622683781,-1.086243154388572,0.4554025256315916,-0.3387522168744087,0.6250012383122826,-0.5568868604940741,1.1558806970718891,-0.9308388030935336,0.920383649234756,0.5456043621545277,-0.9412247034702332,1.601676069401755,-1.143625342423583,0.1817377907432461,1.1499434274719789,-0.4390176993009034,-0.9152268796162956,-0.459120725208369,-0.3295876468787433,0.2893985826928265,-1.7865726424733013,-1.396337054236548,0.2182983832831728,-1.212527638261307,-1.3035394036766228,1.9902700256464367,1.638685181633979
KMgF3,-0.6198833572410863,1.4123489357201058,-0.2662559625337923,0.5426881507425069,-0.4466032410284384,-1.1016544107764907,0.0924641277146924,-0.8605934565902451,-0.5776200498358591,0.3107709289819511,-0.5519894336433984,-0.9990721113509434,-0.6008025527688909,0.6218190398324805,-0.5510955203498666,-1.1221536505463567,0.4554025256315916,-0.519658573316945,-0.3555324224381685,-0.5568868604940741,0.7067275143901581,-1.233396870122412,0.2503475904897579,0.5456043621545277,-0.9412247034702332,0.3224672286149958,-1.1126502681794388,0.1817377907432461,-1.653641031634246,-0.4390176993009034,-0.9428964174674724,-0.459120725208369,-1.1928947500599572,0.9185185695420444,-1.1675868708424282,0.4222893876164739,-0.7205654257996832,2.1225636079289667,-0.2205842721419758,-0.0110523850343954,0.11003829683205003
KMgH3,-0.6737994304857983,-1.127913232517202,-1.0338407193879684,,-2.5753401064779977,-1.156465064656455,0.0924641277146924,-0.9153833984735402,-0.5776200498358591,1.1669947379679122,-0.5519894336433984,-0.9990721113509434,-0.6008025527688909,0.6218190398324805,-0.5510955203498666,-1.1221536505463567,-3.830738892077508,-0.519658573316945,1.2677129011010395,-0.5568868604940741,0.7067275143901581,-1.233396870122412,0.2152325319581189,0.5456043621545277,-0.9412247034702332,0.3224672286149958,-1.1126502681794388,0.1817377907432461,-1.581754250631522,-0.4390176993009034,-0.9428964174674724,-0.459120725208369,-1.1928947500599572,0.9185185695420444,-1.1675868708424282,0.405448096652224,-0.7205654257996832,-0.1513853228976509,-0.2205842721419758,-0.0110523850343954,-1.5899174074433173
KNbO3,-0.6621781077116032,-0.4490500668675767,-0.3622040571405643,0.5713558484042306,-0.1589360970487678,-0.397953287162494,0.0924641277146924,-0.8378343428788284,-0.5776200498358591,-0.766155276358762,-0.5519894336433984,-0.808725221509511,-0.6008025527688909,0.6218190398324805,0.4675386448774022,1.0131727608443215,0.1875186870247729,1.2017784747065636,-0.3674305556997124,-0.5568868604940741,-0.4835284197164294,-0.1366238771427278,-0.2180458651503699,0.5456043621545277,-0.9412247034702332,0.1092657551505357,0.0129971107354214,0.1817377907432461,0.3591888364420176,-0.4390176993009034,0.062313375353766,-0.459120725208369,0.4625050996230867,-0.349760552882709,-0.5885356651232244,0.6380850627189586,-0.4960922113801974,-0.1397270711479531,-0.8474277986471193,-0.5310681261703167,-0.44300714285154774
KSbO3,0.5990415222402238,-0.4490500668675767,-0.3622040571405643,0.5713558484042306,-0.1589360970487678,0.2908382872125731,0.0924641277146924,0.1790178632351748,-0.5776200498358591,0.0504180030007623,-0.5519894336433984,0.8021362101315115,-0.6008025527688909,0.6218190398324805,-0.0157445719892528,-1.1053336598335666,0.1875186870247729,-0.537768053373328,-0.3674305556997124,-0.5568868604940741,-0.8203933067277278,0.2415737066433702,-0.3789778412192368,0.5456043621545277,-0.9412247034702332,0.1092657551505357,-0.2956003044735266,0.1817377907432461,0.3591888364420176,-0.4390176993009034,0.2619543446597263,-0.459120725208369,1.036505837149771,-0.4468056572371097,0.3099920678893325,0.7904221091384174,1.214705674053266,-0.1397270711479531,0.4590763410581078,0.6762870330600873,-0.5545811908880404
KTaO3,-0.6646284231050894,-0.4490500668675767,-0.3622040571405643,0.5713558484042306,-0.1589360970487678,-1.147141891045626,0.0924641277146924,-0.9060637479285224,-0.5776200498358591,-0.8257586196099029,-0.5519894336433984,-0.9990721113509434,-0.6008025527688909,0.6218190398324805,0.7785250048004113,-1.1221536505463567,0.1875186870247729,1.7105776022011967,-0.3674305556997124,-0.5568868604940741,-0.4498419310152996,1.0736083909727858,-0.2180458651503699,0.5456043621545277,-0.9412247034702332,0.1092657551505357,1.3442662591007712,0.1817377907432461,0.3591888364420176,-0.4390176993009034,-0.5809741924098837,-0.459120725208369,-1.1928947500599572,-0.5589094846809863,-0.7882084946815706,0.6380850627189586,-0.7205654257996832,-0.1397270711479531,-0.2888678576089598,-0.5277872697593646,-0.7741669938471407
KZnF3,-0.4901107061146696,1.4123489357201058,-0.2662559625337923,0.5426881507425069,-0.4466032410284384,-0.9697285594317246,0.0924641277146924,-0.7287174577394775,-0.5776200498358591,0.6261456597569153,-0.5519894336433984,-0.9990721113509434,-0.6008025527688909,0.6218190398324805,-0.6179315538675667,-1.1221536505463567,0.4554025256315916,-0.7366708233994708,-0.3555324224381685,-0.5568868604940741,0.257574331708427,-0.5526412193074356,0.3348838425103694,0.5456043621545277,-0.9412247034702332,-0.3171371917783835,-0.2226111667599313,0.1817377907432461,-1.653641031634246,-0.4390176993009034,-0.9428964174674724,-0.459120725208369,-1.1928947500599572,-0.1439580039932041,-0.4886992503440517,0.3510732361315744,-0.7205654257996832,2.1225636079289667,1.0141671806818116,-0.8050196364848241,0.6213981666456141
LaAlO3,-1.0124145960169202,-0.4490500668675767,-0.3622040571405643,0.5713558484042306,-0.1589360970487678,0.4117140151425938,-0.4738233530260087,0.5193097834644471,0.4946414858720968,-0.8997388087924072,0.8185843303994323,1.4139944036502887,0.3880275120381001,0.5993336631124325,-0.4455400283212045,1.0099936874611135,0.1875186870247729,-0.5097935235671879,-0.3674305556997124,1.0151361465348867,1.5488897319184045,-1.1955771117438023,-0.640492302331146,-1.0765256509148924,0.9637840172684548,-0.7435401387073036,-0.9541501542280196,-0.5654895592170966,0.3591888364420176,0.1995534996822288,-0.4467127218240039,3.0953623086628754,1.617366859298034,0.7076964462893811,-0.5685683821673898,0.317568514383705,-0.684233645775024,-0.1397270711479531,-1.3935283605877076,-0.6672236672248324,-0.7927942105967255
LaCoN3,-0.4951068666730669,-1.782886785299392,-0.4581521517473363,-0.4814715471591844,0.0136641893390344,0.051842656688026,-0.4738233530260087,0.7107815602618162,0.4946414858720968,-0.8634270266647772,0.8185843303994323,0.931591141320782,0.3880275120381001,0.5993336631124325,-0.1856747138649914,1.148426441113227,-0.0803651515820458,0.2765178391515086,-0.3753980556516392,1.0151361465348867,0.0329977403675613,-0.666100494443265,-0.8212652069564489,-1.0765256509148924,0.9637840172684548,-0.3171371917783835,0.0673682516958874,-0.5654895592170966,-0.8890270882416395,0.1995534996822288,-0.1992046195265561,3.0953623086628754,1.58253859829488,-0.0887426859984589,-0.0294517423598556,0.2158465101432906,1.77181778622835,0.4049529673745289,-0.0547405978233374,-1.213486259648371,-0.5095148948747419
LaCrO3,-1.022462832196611,-0.4490500668675767,-0.3622040571405643,0.5713558484042306,-0.1589360970487678,-0.3273379983426922,-0.4738233530260087,-0.4298533727031197,0.4946414858720968,-1.1009357391044876,0.8185843303994323,0.8733924984392183,0.3880275120381001,0.5993336631124325,0.041529932654102,0.8891261506066995,0.1875186870247729,0.6647127290177842,-0.3674305556997124,1.0151361465348867,-0.0343752370346982,-0.7795597695790945,-0.3186283501934118,-1.0765256509148924,0.9637840172684548,-0.1039357183139243,-0.2226111667599313,-0.5654895592170966,0.3591888364420176,0.1995534996822288,-0.192199673235119,3.0953623086628754,0.7446118552000803,-0.0418933252756448,-0.468731967388217,0.0282691977582267,-0.4139789773507141,-0.1397270711479531,-0.8420168198577216,-1.1216222801417095,-0.4846470672151182
LaScO3,-0.8461912036888815,-0.4490500668675767,-0.3622040571405643,0.5713558484042306,-0.1589360970487678,-0.0440031055807455,-0.4738233530260087,-0.1887403491007043,0.4946414858720968,-1.0680497152103243,0.8185843303994323,1.0357119034298243,0.3880275120381001,0.5993336631124325,-0.2850767467170947,0.8322704316952976,0.1875186870247729,0.3198599870491996,-0.3674305556997124,1.0151361465348867,-0.910223943264074,-0.8930190447149238,0.2044005720304069,-1.0765256509148924,0.9637840172684548,0.748870175543916,-0.9071932597621626,-0.5654895592170966,0.3591888364420176,0.1995534996822288,-0.7315805376757835,3.0953623086628754,0.7170206515933674,0.1572164577963151,-1.067750456063255,-0.3947188543842181,-0.4393642815743001,-0.1397270711479531,-0.9868417377953524,0.1529904355132137,-0.3661537354566654
LiAsO3,-0.7150226568630712,-0.4490500668675767,-0.3622040571405643,0.5713558484042306,-0.1589360970487678,-0.1867826621132923,-1.553308863187971,-0.4335200976157304,0.3340230028227463,-0.0439016473419872,0.133297448378017,1.1573881724813933,-0.0357568014506105,1.251409587993828,0.204359929326119,1.0770804128268825,0.1875186870247729,-0.3623077320361973,-0.3674305556997124,-0.3418434666758281,-0.5284437379846025,-0.4391819441716062,-0.9422397574602724,0.2659267736942828,-1.743333638518102,-1.1699430856362238,-0.455418506690654,3.937818331024328,0.3591888364420176,-0.4390176993009034,-0.0322533995806361,-0.459120725208369,1.4691007263046538,-0.242676299801991,0.5695667463151831,-0.5895217267974389,1.062266423618173,-0.1397270711479531,1.29276971926107,-0.1832973466093853,-1.3007813214539194
LiNbO3,-0.8848798637474514,-0.4490500668675767,-0.3622040571405643,0.5713558484042306,-0.1589360970487678,-0.2124684492625376,-1.553308863187971,-0.4768007184126647,0.3340230028227463,-0.8633360538433175,0.133297448378017,1.176558961492626,-0.0357568014506105,1.251409587993828,0.4675386448774022,0.8362477424829541,0.1875186870247729,1.2017784747065636,-0.3674305556997124,-0.3418434666758281,-0.4835284197164294,-0.1366238771427278,-0.2180458651503699,0.2659267736942828,-1.743333638518102,0.1092657551505357,0.0129971107354214,3.937818331024328,0.3591888364420176,-0.4390176993009034,0.062313375353766,-0.459120725208369,1.1317880152892756,-0.349760552882709,-0.5885356651232244,-1.1502193952485906,1.0146779461366802,-0.1397270711479531,-0.8474277986471193,-0.5310681261703167,-0.8693762506357124
LiSbO3,-0.6465963172011919,-0.4490500668675767,-0.3622040571405643,0.5713558484042306,-0.1589360970487678,-0.3272603483075607,-1.553308863187971,-0.3311539419516114,0.3340230028227463,-0.0542354736834285,0.133297448378017,1.0591988228096454,-0.0357568014506105,1.251409587993828,-0.0157445719892528,0.9589960562222988,0.1875186870247729,-0.537768053373328,-0.3674305556997124,-0.3418434666758281,-0.8203933067277278,0.2415737066433702,-0.3789778412192368,0.2659267736942828,-1.743333638518102,0.1092657551505357,-0.2956003044735266,3.937818331024328,0.3591888364420176,-0.4390176993009034,0.2619543446597263,-0.459120725208369,0.5014244082507843,-0.4468056572371097,0.3099920678893325,-1.0345655171976975,-0.7107665468978537,-0.1397270711479531,0.4590763410581078,0.6762870330600873,-1.0939958383935453
LiTaO3,-0.9047801488698888,-0.4490500668675767,-0.3622040571405643,0.5713558484042306,-0.1589360970487678,-0.2431769460372327,-1.553308863187971,-0.4819452198349087,0.3340230028227463,-0.9181572550759306,0.133297448378017,1.1840833591152724,-0.0357568014506105,1.251409587993828,0.7785250048004113,0.8109522252983297,0.1875186870247729,1.7105776022011967,-0.3674305556997124,-0.3418434666758281,-0.4498419310152996,1.0736083909727858,-0.2180458651503699,0.2659267736942828,-1.743333638518102,0.1092657551505357,1.3442662591007712,3.937818331024328,0.3591888364420176,-0.4390176993009034,-0.5809741924098837,-0.459120725208369,1.1077507397197397,-0.5589094846809863,-0.7882084946815706,-1.1502193952485906,1.044996027292313,-0.1397270711479531,-0.2888678576089598,-0.5277872697593646,-0.7809176006009432
MgCO3,-0.8393116742074141,-0.4490500668675767,-0.3622040571405643,0.5713558484042306,-0.1589360970487678,-1.2310440985713742,-1.7125772171462934,-0.3710307593951261,2.289498672197517,-0.5861543578711806,1.6001193700081244,1.2742972515709932,1.1296500606433428,-2.098911543293342,4.604556583579229,0.4779593329930988,0.1875186870247729,2.191110111501683,-0.3674305556997124,0.5195598719452111,0.4821509230492926,-1.460315420394071,-2.1492295779767767,1.664314715995507,-1.292147362553676,-3.088756346816363,-1.0254916816094797,0.5354076752440488,0.3591888364420176,-0.1197320998093373,0.85387230628617,-0.459120725208369,-0.1294411012378487,0.3931364528647719,1.308356215681063,0.5438339171693459,1.252797238161522,-0.1397270711479531,2.332369913041244,-1.4398653520040718,-1.486895339546332
MgSiO3,-1.5805475286625252,-0.4490500668675767,-0.3622040571405643,0.5713558484042306,-0.1589360970487678,0.2390889460946272,-1.7125772171462934,-0.0505863968834423,2.289498672197517,-0.4861875530213221,1.6001193700081244,1.2029209924582691,1.1296500606433428,-2.098911543293342,1.4241648753255018,1.021874789197761,0.1875186870247729,0.2001979700273136,-0.3674305556997124,0.5195598719452111,0.5944392187197254,-1.1577573533651924,-1.1836377215635732,1.664314715995507,-1.292147362553676,-1.383144559100683,-1.015111736517027,0.5354076752440488,0.3591888364420176,-0.1197320998093373,0.6168716234258779,-0.459120725208369,1.7340175589077016,0.3981560272279306,0.0104828235518135,-0.4617221789310821,-0.3471637037229716,-0.1397270711479531,0.1364590926370013,-0.3292954568967572,-1.6016290384815195
MgTiO3,-0.6937921063108807,-0.4490500668675767,-0.3622040571405643,0.5713558484042306,-0.1589360970487678,-0.2700787523105648,-1.7125772171462934,-0.5235769751300016,2.289498672197517,-0.7279902994053735,1.6001193700081244,1.187591465840354,1.1296500606433428,-2.098911543293342,-0.2827100316491875,0.8263765782477327,0.1875186870247729,0.4395220040710855,-0.3674305556997124,0.5195598719452111,-0.8428509658618144,-0.855199286336314,-0.3588613442106287,1.664314715995507,-1.292147362553676,-0.1039357183139243,-0.6564269672111648,0.5354076752440488,0.3591888364420176,-0.1197320998093373,-0.8541670977759346,-0.459120725208369,1.1761707469470433,0.0835960338033216,-0.7083393628582322,-1.1251277406273483,0.9076869415862836,-0.1397270711479531,-0.7984958794902578,-0.5622362620743624,-1.0780649328457843
NaBiO3,0.1550785115646399,-0.4490500668675767,-0.3622040571405643,0.5713558484042306,-0.1589360970487678,-0.271604024257369,-0.7569670933963597,0.4907409786617692,0.1148907192027364,0.225173831807084,-0.0322493826721002,1.4077681486353486,-0.2123335987375728,0.8691581837530098,-0.4267956449833793,1.262484823565712,0.1875186870247729,-0.8763832949270711,-0.3674305556997124,-0.4938569002370019,-1.0000545798004203,1.4518059747588838,0.2647500630562319,1.2914112647151803,-1.3422791709941675,0.748870175543916,0.2123579609237968,0.8079728117954195,0.3591888364420176,-0.4390176993009034,0.1218554188309823,-0.459120725208369,-0.3158910233634784,-0.5890269308599383,0.2500902190218291,-0.3698961822505071,1.255689744924484,-0.1397270711479531,-0.4754053470236032,1.1881006331686277,-0.2893915295472416
NaCdF3,-0.2092307983460169,1.4123489357201058,-0.2662559625337923,0.5426881507425069,-0.4466032410284384,-0.4161159661744423,-0.7569670933963597,0.2295369370684717,0.1148907192027364,0.718602300841425,-0.0322493826721002,1.4806729478770828,-0.2123335987375728,0.8691581837530098,-0.6585443844328546,0.9115040124714916,0.4554025256315916,-0.8294418643126588,-0.3555324224381685,-0.4938569002370019,-0.0006887483335684,0.1281144315075408,1.222514488726787,1.2914112647151803,-1.3422791709941675,0.5356687020794559,0.026177993392504,0.8079728117954195,-1.653641031634246,-0.4390176993009034,-0.9428964174674724,-0.459120725208369,-0.8012890338022886,-0.4066490623318404,-0.4088301185207131,-0.8726165779478852,1.5849394445078284,2.1225636079289667,0.7313418181857098,-0.1750952055820047,0.46787633363064873
NaCoF3,-0.9547386475095718,1.4123489357201058,-0.2662559625337923,0.5426881507425069,-0.4466032410284384,-0.0311218169428384,-0.7569670933963597,0.4580988885133528,0.1148907192027364,0.3493839387438502,-0.0322493826721002,1.2621987558561594,-0.2123335987375728,0.8691581837530098,-0.1856747138649914,1.1738771118874796,0.4554025256315916,0.2765178391515086,-0.3555324224381685,-0.4938569002370019,0.0329977403675613,-0.666100494443265,0.3560179055155221,1.2914112647151803,-1.3422791709941675,-0.3171371917783835,0.0673682516958874,0.8079728117954195,-1.653641031634246,-0.4390176993009034,-0.1992046195265561,-0.459120725208369,0.9305763555714204,-0.0887426859984589,-0.0294517423598556,-0.2752153359194343,0.0666163813126054,2.1225636079289667,-0.0547405978233374,-1.213486259648371,0.32289500713877806
NaMgF3,-1.1477595950321566,1.4123489357201058,-0.2662559625337923,0.5426881507425069,-0.4466032410284384,0.3405313067103549,-0.7569670933963597,0.2113672678802234,0.1148907192027364,0.3215070238377137,-0.0322493826721002,1.1886312211830516,-0.2123335987375728,0.8691581837530098,-0.5510955203498666,1.140808820363978,0.4554025256315916,-0.519658573316945,-0.3555324224381685,-0.4938569002370019,0.7067275143901581,-1.233396870122412,0.2503475904897579,1.2914112647151803,-1.3422791709941675,0.3224672286149958,-1.1126502681794388,0.8079728117954195,-1.653641031634246,-0.4390176993009034,-0.9428964174674724,-0.459120725208369,1.5366008335490975,0.9185185695420444,-1.1675868708424282,-0.1940042310028485,-0.0822505633765683,2.1225636079289667,-0.2205842721419758,-0.0110523850343954,-0.13029296546916508
NaMnF3,-0.9741589290212844,1.4123489357201058,-0.2662559625337923,0.5426881507425069,-0.4466032410284384,-0.0923303759150773,-0.7569670933963597,-0.27643753696903,0.1148907192027364,0.0399565629145019,-0.0322493826721002,1.1426508329283365,-0.2123335987375728,0.8691581837530098,-0.3414045653332866,0.6861491450026643,0.4554025256315916,0.0419049081400944,-0.3555324224381685,-0.4938569002370019,-1.002300345713829,-0.7417400112004846,0.7152969766031197,1.2914112647151803,-1.3422791709941675,-0.1039357183139243,-0.1682400257994653,0.8079728117954195,-1.653641031634246,-0.4390176993009034,-0.9428964174674724,-0.459120725208369,0.6440976035412149,0.0083024183559417,-0.6883720799023976,-0.5369723582439567,-0.4225364675241987,2.1225636079289667,-0.3704916956135116,-1.1019371416759969,0.4597951824403484
NaNbO3,-0.7653028787580867,-0.4490500668675767,-0.3622040571405643,0.5713558484042306,-0.1589360970487678,0.0039383629890043,-0.7569670933963597,-0.1596067953489025,0.1148907192027364,-0.7944243884631448,-0.0322493826721002,1.056688064679009,-0.2123335987375728,0.8691581837530098,0.4675386448774022,1.0182337057025852,0.1875186870247729,1.2017784747065636,-0.3674305556997124,-0.4938569002370019,-0.4835284197164294,-0.1366238771427278,-0.2180458651503699,1.2914112647151803,-1.3422791709941675,0.1092657551505357,0.0129971107354214,0.8079728117954195,0.3591888364420176,-0.4390176993009034,0.062313375353766,-0.459120725208369,1.1560976139111776,-0.349760552882709,-0.5885356651232244,0.0171460148135593,-0.0990973654685828,-0.1397270711479531,-0.8474277986471193,-0.5310681261703167,-0.5492193909687672
NaSbO3,-0.0620790505749454,-0.4490500668675767,-0.3622040571405643,0.5713558484042306,-0.1589360970487678,-0.4475935916113079,-0.7569670933963597,0.3191630944753631,0.1148907192027364,0.0131831233804977,-0.0322493826721002,1.2873001585472783,-0.2123335987375728,0.8691581837530098,-0.0157445719892528,1.3880761381621527,0.1875186870247729,-0.537768053373328,-0.3674305556997124,-0.4938569002370019,-0.8203933067277278,0.2415737066433702,-0.3789778412192368,1.2914112647151803,-1.3422791709941675,0.1092657551505357,-0.2956003044735266,0.8079728117954195,0.3591888364420176,-0.4390176993009034,0.2619543446597263,-0.459120725208369,-0.0128005718587624,-0.4468056572371097,0.3099920678893325,0.1567458499939338,1.208789206883143,-0.1397270711479531,0.4590763410581078,0.6762870330600873,-0.7101412362608609
RbAuBr3,1.6384311366746855,1.378505317491239,2.22839449724228,-2.0093282243361874,1.7396670532170564,2.2105193290689567,0.5879656733628059,1.2196870759167096,-0.7194639312870906,1.2356052505540174,-0.6597873701411492,-0.7725928029572819,-0.6008025527688909,0.5374988771323002,-0.3584449138222186,-0.2477460625798608,0.4554025256315916,-0.1292683094375907,0.6250012383122826,-0.6010665676399018,2.503340245117083,1.300526941244445,0.2830191266660911,-0.2374928855341578,-0.038852151541381,-0.3171371917783835,1.780882997116635,-0.3421191058481685,1.1499434274719789,-0.4390176993009034,1.6582736387528754,-0.459120725208369,0.296529534693561,-0.5773145906792347,1.288388932725229,-0.8635761318311539,0.1105908204852932,-1.212527638261307,0.8950203945944912,-0.6327746749098343,1.7987250718039003
RbAuI3,2.1872053687660835,1.085857559865154,3.955460200164176,-2.478482821399004,2.4876016275641986,2.430772782895787,0.5879656733628059,1.7506522576408057,-0.7194639312870906,1.337925158597128,-0.6597873701411492,-0.7048051225001073,-0.6008025527688909,0.5374988771323002,-0.3584449138222186,-0.2110612892620522,0.4554025256315916,-0.1292683094375907,4.120077883890814,-0.6010665676399018,2.503340245117083,1.300526941244445,-0.0525419579431822,-0.2374928855341578,-0.038852151541381,-0.3171371917783835,1.780882997116635,-0.3421191058481685,3.090886514545518,-0.4390176993009034,1.6582736387528754,-0.459120725208369,0.0544687225287535,-0.5773145906792347,1.288388932725229,-0.934785436754766,0.4947162074712549,-2.022689026491669,0.8950203945944912,-0.6327746749098343,1.980482195468173
RbBiO3,-0.1411312105250918,-0.4490500668675767,-0.3622040571405643,0.5713558484042306,-0.1589360970487678,-0.6149587627303137,0.5879656733628059,-0.3740817223989037,-0.7194639312870906,0.3249818524015924,-0.6597873701411492,-0.9990721113509434,-0.6008025527688909,0.5374988771323002,-0.4267956449833793,-1.1221536505463567,0.1875186870247729,-0.8763832949270711,-0.3674305556997124,-0.6010665676399018,-1.0000545798004203,1.4518059747588838,0.8078954822886595,-0.2374928855341578,-0.038852151541381,0.748870175543916,0.2123579609237968,-0.3421191058481685,0.3591888364420176,-0.4390176993009034,0.1218554188309823,-0.459120725208369,-1.1928947500599572,-0.5890269308599383,0.2500902190218291,-0.029320693448404,-0.7205654257996832,-0.1397270711479531,-0.4754053470236032,1.1881006331686277,0.6832598862211343
RbBrO3,0.2782829722574206,-0.4490500668675767,-0.3622040571405643,0.5713558484042306,-0.1589360970487678,0.4860231468221401,0.5879656733628059,0.3072162666199697,-0.7194639312870906,0.6623365491129138,-0.6597873701411492,-0.286821286112192,-0.6008025527688909,0.5374988771323002,-0.7023286131891382,1.2915303989533045,0.1875186870247729,-1.1388859558900428,-0.3674305556997124,-0.6010665676399018,-1.0885377567887211,-0.3635424274143866,-1.2238707155807902,-0.2374928855341578,-0.038852151541381,-1.1699430856362238,,-0.3421191058481685,0.3591888364420176,-0.4390176993009034,2.846779526200054,-0.459120725208369,1.0337841027722618,-6.353891598939128e-05,2.1270148168702825,1.9323504299277532,-0.1780338583644608,-0.1397270711479531,2.723359046191564,0.937115117730786,0.2381556197545406
RbCaH3,0.1849289756248614,-1.127913232517202,-1.0338407193879684,,-2.5753401064779977,-0.2834885548391119,0.5879656733628059,-0.0427367713575243,-0.7194639312870906,1.097526913226644,-0.6597873701411492,-0.9990721113509434,-0.6008025527688909,0.5374988771323002,-0.5482554622683781,-1.1221536505463567,-3.830738892077508,-0.3387522168744087,1.2677129011010395,-0.6010665676399018,1.1558806970718891,-0.9308388030935336,1.3850842041510387,-0.2374928855341578,-0.038852151541381,1.601676069401755,-1.143625342423583,-0.3421191058481685,-1.581754250631522,-0.4390176993009034,-0.9152268796162956,-0.459120725208369,-1.1928947500599572,0.2893985826928265,-1.7865726424733013,-0.2983990109220178,-0.7205654257996832,-0.1513853228976509,-1.3035394036766228,1.9902700256464367,-0.8448767615575538
RbIO3,0.2955170772269084,-0.4490500668675767,-0.3622040571405643,0.5713558484042306,-0.1589360970487678,0.4705442223380614,0.5879656733628059,0.2068418854972208,-0.7194639312870906,0.5411067646630409,-0.6597873701411492,-0.5588623998622699,-0.6008025527688909,0.5374988771323002,-0.5851762173277307,1.2793436240540228,0.1875186870247729,-1.0248301514766625,-0.3674305556997124,-0.6010665676399018,-1.084843471861164,0.3172132234005898,1.0291769493833514,-0.2374928855341578,-0.038852151541381,-0.1039357183139243,-0.5850854398297048,-0.3421191058481685,0.3591888364420176,-0.4390176993009034,2.503537157919631,-0.459120725208369,0.9365341405134846,-0.4350933170564061,1.5279963281952444,-0.1909495582844733,-0.5889381765453076,-0.1397270711479531,1.7608688321307913,1.911529471783584,0.3247711381052652
RbMgF3,-0.4942547821819428,1.4123489357201058,-0.2662559625337923,0.5426881507425069,-0.4466032410284384,-0.9739413944047868,0.5879656733628059,-0.7329287007551784,-0.7194639312870906,0.3392865159425929,-0.6597873701411492,-0.9990721113509434,-0.6008025527688909,0.5374988771323002,-0.5510955203498666,-1.1221536505463567,0.4554025256315916,-0.519658573316945,-0.3555324224381685,-0.6010665676399018,0.7067275143901581,-1.233396870122412,0.2503475904897579,-0.2374928855341578,-0.038852151541381,0.3224672286149958,-1.1126502681794388,-0.3421191058481685,-1.653641031634246,-0.4390176993009034,-0.9428964174674724,-0.459120725208369,-1.1928947500599572,0.9185185695420444,-1.1675868708424282,0.6195033455746607,-0.7205654257996832,2.1225636079289667,-0.2205842721419758,-0.0110523850343954,0.22643628160944282
RbPbBr3,2.137816698529476,1.378505317491239,2.22839449724228,-2.0093282243361874,1.7396670532170564,2.6781624667532813,0.5879656733628059,1.5341490757434206,-0.7194639312870906,1.0375886076092506,-0.6597873701411492,0.1202343500176408,-0.6008025527688909,0.5374988771323002,-0.7265164411831501,-1.0714303584734788,0.4554025256315916,-0.8234210746373056,0.6250012383122826,-0.6010665676399018,-0.6968761814902518,1.413986216380274,0.504711134516061,-0.2374928855341578,-0.038852151541381,1.601676069401755,0.4693851727369089,-0.3421191058481685,1.1499434274719789,-0.4390176993009034,-0.5331070594183961,-0.459120725208369,-0.3161375449465844,-0.5756413992248486,0.8690759906527021,-1.0140464764253994,0.3385746102580484,-1.212527638261307,-0.3827758889748202,0.68777003049842,1.9782162496382782
RbPbCl3,1.7213117449063116,1.6213830483101663,0.5013287943203837,-1.5853972541236352,1.1643327652577151,2.188171317613871,0.5879656733628059,1.1518810257558048,-0.7194639312870906,0.9025364750557084,-0.6597873701411492,0.1243294167471021,-0.6008025527688909,0.5374988771323002,-0.7265164411831501,-1.0705030502707835,0.4554025256315916,-0.8234210746373056,-0.5552510878997988,-0.6010665676399018,-0.6968761814902518,1.413986216380274,0.7779985889443739,-0.2374928855341578,-0.038852151541381,1.601676069401755,0.4693851727369089,-0.3421191058481685,0.3689915793060257,-0.4390176993009034,-0.5331070594183961,-0.459120725208369,-0.339590779256962,-0.5756413992248486,0.8690759906527021,-0.9724652438015372,0.2903731166485097,-0.5264644661108842,-0.3827758889748202,0.68777003049842,1.6980749082161966
RbReO3,-0.737578829227308,-0.4490500668675767,-0.3622040571405643,0.5713558484042306,-0.1589360970487678,-1.221302697271622,0.5879656733628059,-0.9801965300704624,-0.7194639312870906,-0.4961967306082295,-0.6597873701411492,-0.9990721113509434,-0.6008025527688909,0.5374988771323002,0.6606625944186315,-1.1221536505463567,0.1875186870247729,1.8698128846948876,-0.3674305556997124,-0.6010665676399018,-0.5509013971186891,1.1492479077300055,-0.4594438292536705,-0.2374928855341578,-0.038852151541381,-0.3171371917783835,2.064271974243912,-0.3421191058481685,0.3591888364420176,-0.4390176993009034,-0.7736102154244068,-0.459120725208369,-1.1928947500599572,-0.563929059044145,0.0104828235518135,1.0738362785132975,-0.7205654257996832,-0.1397270711479531,-0.0882872535294053,-0.854232482649107,-0.5627311030815458
RbSbO3,-0.5531969749439213,-0.4490500668675767,-0.3622040571405643,0.5713558484042306,-0.1589360970487678,-1.0338615616569489,0.5879656733628059,-0.7928262252140751,-0.7194639312870906,0.1644326010275804,-0.6597873701411492,-0.9990721113509434,-0.6008025527688909,0.5374988771323002,-0.0157445719892528,-1.1221536505463567,0.1875186870247729,-0.537768053373328,-0.3674305556997124,-0.6010665676399018,-0.8203933067277278,0.2415737066433702,-0.3789778412192368,-0.2374928855341578,-0.038852151541381,0.1092657551505357,-0.2956003044735266,-0.3421191058481685,0.3591888364420176,-0.4390176993009034,0.2619543446597263,-0.459120725208369,-1.1928947500599572,-0.4468056572371097,0.3099920678893325,0.9931985120646531,-0.7205654257996832,-0.1397270711479531,0.4590763410581078,0.6762870330600873,-0.004008552603821827
RbWO3,-0.7006689143256608,-0.4490500668675767,-0.3622040571405643,0.5713558484042306,-0.1589360970487678,-1.1837803695377214,0.5879656733628059,-0.942688381374249,-0.7194639312870906,-0.6787741980670546,-0.6597873701411492,-0.9990721113509434,-0.6008025527688909,0.5374988771323002,1.523566908177605,-1.1221536505463567,0.1875186870247729,2.0921769478221712,-0.3674305556997124,-0.6010665676399018,0.819015810060591,1.1114281493513956,-0.2985118531848034,-0.2374928855341578,-0.038852151541381,-0.3171371917783835,1.772644945455958,-0.3421191058481685,0.3591888364420176,-0.4390176993009034,-0.025248453289199,-0.459120725208369,-1.1928947500599572,-0.5722950163160762,0.9289778395202056,0.9141980606708016,-0.7205654257996832,-0.1397270711479531,-0.0667351696045343,-0.7541663621150652,-0.5726107276140922
ReTlO3,-0.7295440615998436,-0.4490500668675767,-0.3622040571405643,0.5713558484042306,-0.1589360970487678,-1.2131346160125127,-0.9516284149009756,-2.928899013862733,2.451942079447168,-0.4660535829277856,,-0.9990721113509434,3.2132562686295008,-1.2838166371915976,-0.7564317196414974,-1.1221536505463567,0.1875186870247729,-0.8456669031560987,-0.3674305556997124,5.17430591772083,-0.5733590562527757,1.3761664580016642,-0.4594438292536705,-0.4239446111743211,1.866156569197307,2.0280790163306746,0.5534132996758109,-0.642605549070655,0.3591888364420176,1.4766958976484934,-0.718738136141482,1.910534630705794,-1.1928947500599572,-0.5773145906792347,-0.5486010992115551,1.0226168503130166,-0.7205654257996832,-0.1397270711479531,-1.3070473567664591,0.517165497128906,-0.24290060119612145
ScBO3,-0.749490677234147,-0.4490500668675767,-0.3622040571405643,0.5713558484042306,-0.1589360970487678,-1.0844254453482185,-0.9693248986741227,-0.2851756381686361,1.348634888141012,-1.0222050616482603,1.2035769607485416,1.3579119898602885,1.3062268579303056,-1.0814482467111644,1.4236915323119206,0.4127612619206986,0.1875186870247729,0.823948011511475,-0.3674305556997124,2.1549615780911404,-0.786706818026598,-1.4981351787726809,-1.7066666437873916,-1.0205901332228433,-0.8409610865892497,-2.449151926422983,-0.9936928021992676,-0.069553969296798,0.3591888364420176,0.1995534996822288,-0.6311763074985169,1.910534630705794,-0.3101264891849893,0.9235381439052032,0.2900247849334983,-0.3964300547481222,1.2336048632747685,-0.1397270711479531,0.2398328049138166,-1.58750389049692,-1.4554907860921062
SrWN3,0.7841463524819277,-1.782886785299392,-0.4581521517473363,-0.4814715471591844,0.0136641893390344,0.2613733788492061,-0.367644450387127,0.1128988406770403,0.5969465283746798,-1.0114975746415185,0.3296436898560627,0.4871969335823584,-0.1417028798227881,-1.8161579310387368,1.523566908177605,1.303093689344991,-0.0803651515820458,2.0921769478221712,-0.3753980556516392,0.7526642677707251,0.819015810060591,1.1114281493513956,-0.5608530196532306,-0.6663318545065332,0.0112796568991107,-0.3171371917783835,1.772644945455958,-0.4179055096697691,-0.8890270882416395,-0.1197320998093373,-0.025248453289199,-0.459120725208369,1.1642259636787191,-0.5722950163160762,0.9289778395202056,0.1697885069782665,3.9979299944265816,0.4049529673745289,-0.0667351696045343,-0.7541663621150652,-0.6168717756459642
TiCdO3,-0.2947787051513855,-0.4490500668675767,-0.3622040571405643,0.5713558484042306,-0.1589360970487678,-0.7381934585158858,-1.0401108337667109,-0.1268087324148734,1.5798989278397302,-0.3814972799673042,1.9350629584118495,1.8737131341623845,1.9419033281633704,-1.6716893856124275,-0.6585443844328546,0.6276853680745982,0.1875186870247729,-0.8294418643126588,-0.3674305556997124,2.3880659739166545,-0.0006887483335684,0.1281144315075408,1.0291769493833514,-0.9087190978387456,-0.7908292781487579,0.5356687020794559,0.026177993392504,-0.1280557547029457,0.3591888364420176,0.518839099173795,-0.9428964174674724,1.910534630705794,-0.2646791371817692,-0.4066490623318404,-0.4088301185207131,-2.2969588299803165,0.8765916934460932,-0.1397270711479531,0.7313418181857098,-0.1750952055820047,-0.5250450810030906
TiPbO3,-0.7747696211970652,-0.4490500668675767,-0.3622040571405643,0.5713558484042306,-0.1589360970487678,-1.0643904265341817,-1.0401108337667109,-3.122922799171307,1.5798989278397302,-0.6665936288441293,1.9350629584118495,-0.7256387552353794,1.9419033281633704,-1.6716893856124275,-0.7265164411831501,-0.8062054610369771,0.1875186870247729,-0.8234210746373056,-0.3674305556997124,2.3880659739166545,-0.6968761814902518,1.413986216380274,1.9947688057965551,-0.9087190978387456,-0.7908292781487579,1.601676069401755,0.4693851727369089,-0.1280557547029457,0.3591888364420176,0.518839099173795,-0.5331070594183961,1.910534630705794,-0.8514089684241661,-0.5756413992248486,0.8690759906527021,-2.721341864964503,-0.7205654257996832,-0.1397270711479531,-0.3827758889748202,0.68777003049842,-0.20624507592103522
TlCrO3,-1.17113995691498,-0.4490500668675767,-0.3622040571405643,0.5713558484042306,-0.1589360970487678,-0.4351898817093787,-1.3055580903639143,-0.5526502201268425,0.9554643366679216,-0.3042119033703401,,0.9071586928986636,2.224426203822511,-1.0196134607310323,0.041529932654102,0.7823334401406487,0.1875186870247729,0.6647127290177842,-0.3674305556997124,-0.1155119466030396,-0.0343752370346982,-0.7795597695790945,-0.8215407754086221,-0.4612349563023537,2.1669474198402576,-0.1039357183139243,-0.2226111667599313,-0.6532422373263184,0.3591888364420176,3.39240949459789,-0.192199673235119,0.7257069527487126,0.6640830071569643,-0.0418933252756448,-0.468731967388217,1.4046748133830365,-0.4758814017475364,-0.1397270711479531,-0.8420168198577216,-1.1216222801417095,-0.33705730112770993
TlIO3,0.0135778323406518,-0.4490500668675767,-0.3622040571405643,0.5713558484042306,-0.1589360970487678,-1.170194273303094,-1.3055580903639143,-0.8600795402965764,0.9554643366679216,0.5883941191048357,,-0.9990721113387782,2.224426203822511,-1.0196134607310323,-0.5851762173277307,-1.1221536505384089,0.1875186870247729,-1.0248301514766625,-0.3674305556997124,-0.1155119466030396,-1.084843471861164,0.3172132234005898,1.0291769493833514,-0.4612349563023537,2.1669474198402576,-0.1039357183139243,-0.5850854398297048,-0.6532422373263184,0.3591888364420176,3.39240949459789,2.503537157919631,0.7257069527487126,-1.192894750053458,-0.4350933170564061,1.5279963281952444,-0.2339293393394927,-0.7205654257996832,-0.1397270711479531,1.7608688321307913,1.911529471783584,0.3999631642579986
YVO3,-1.3205497122517675,-0.4490500668675767,-0.3622040571405643,0.5713558484042306,-0.1589360970487678,-0.2084332090667008,-0.6684846745306253,-0.6163172908618879,1.0500984525414852,-1.0967646768162116,0.9340821195041652,0.9649424540262568,0.8118118255268099,-0.4349936660097809,0.0651970833331742,0.6714409291891258,0.1875186870247729,0.6675393908371988,-0.3674305556997124,2.1274295628361584,-0.741791499758425,-0.8173795279577042,-0.2180458651503699,-1.001944960658827,0.0614114653396025,-0.3171371917783835,-0.3923150309698707,-0.4285421979254324,0.3591888364420176,0.1995534996822288,-0.3521459468896017,1.910534630705794,0.9726755095667604,0.0250343328998039,-0.5286338162557209,-0.7652371855472438,-0.4568026030676847,-0.1397270711479531,-0.856370747925679,-0.9428156057448158,-0.5725539934132255
YWN3,-0.7916879152189655,-1.782886785299392,-0.4581521517473363,-0.4814715471591844,0.0136641893390344,-0.671055311533847,-0.6684846745306253,-1.138444738789676,1.0500984525414852,-1.3729755710079294,0.9340821195041652,0.4071381517102108,0.8118118255268099,-0.4349936660097809,1.523566908177605,0.4599090077960591,-0.0803651515820458,2.0921769478221712,-0.3753980556516392,2.1274295628361584,0.819015810060591,1.1114281493513956,-0.4864495375665965,-1.001944960658827,0.0614114653396025,-0.3171371917783835,1.772644945455958,-0.4285421979254324,-0.8890270882416395,0.1995534996822288,-0.025248453289199,1.910534630705794,-0.1347187419616508,-0.5722950163160762,0.9289778395202056,-0.7644610117373606,-0.2048486545111272,0.4049529673745289,-0.0667351696045343,-0.7541663621150652,-0.7578966753965835
