Name,A_site,B_site,X_site,Spacegroup,Ehull,BulkModulus,Energy,ZPE,s_A,s_B,s_X,density,mean_A2B,mean_A2X,mean_B2X,mean_X2X,std_A2B,std_A2X,std_B2X,std_X2X,E_coh,TF,OF,A_Z,B_Z,X_Z,A_M,B_M,X_M,A_G,B_G,X_G,A_IEI,B_IEI,X_IEI,A_IEII,B_IEII,X_IEII,A_EA,B_EA,X_EA,A_ChiP,B_ChiP,X_ChiP,A_ChiA,B_ChiA,X_ChiA,A_Rvdw,B_Rvdw,X_Rvdw,A_Rc,B_Rc,X_Rc,A_Ra,B_Ra,X_Ra,A_MP,B_MP,X_MP,A_BP,B_BP,X_BP,A_Rho,B_Rho,X_Rho,A_MV,B_MV,X_MV,A_Hf,B_Hf,X_Hf,A_Hv,B_Hv,X_Hv,A_Kappa,B_Kappa,X_Kappa,A_CvM,B_CvM,X_CvM,A_B,B_B,X_B,A_MendeleevNo,B_MendeleevNo,X_MendeleevNo
AlBiO3,Al,Bi,O,R3c,0.053,125.0,-98.75141314,30.4940185,1.17,0.535,1.35,8.28849915349837,3.347164115545113,3.0540834996780983,3.0844128878615575,3.53098699747994,0.23618322690571852,1.1125709505122772,0.7822544599274011,0.9195671350487753,-97.98663534999999,0.9453098613210076,0.3962962962962963,13.0,83.0,8.0,26.9815386,208.9804,15.9994,13.0,15.0,16.0,5.985768,7.2855,13.61805,18.82855,16.703,35.1211,42.5,91.2,141.0,1.61,2.02,3.44,1.613,,3.61,1.84,2.07,1.52,121.0,148.0,66.0,1.25,1.6,0.6,933.47,544.4,54.8,2792.0,1837.0,90.2,2700.0,9780.0,,10.0,21.31,17.36,10.71,11.106,0.22,293.0,160.0,3.41,235.0,8.0,0.02658,0.897,0.122,0.918,2.0,2.0,2.0,80.0,87.0,101.0
BaHfO3,Ba,Hf,O,Pm-3m,0.0,103.0,-46.34564817,19.3823906,1.61,0.71,1.35,8.124592336547465,3.6417216761147713,2.9734532972380987,2.1025489900185583,2.9734532972380987,0.0,0.0,0.0,0.0,-42.90841904,1.0160369283068837,0.5259259259259259,56.0,72.0,8.0,137.327,178.49,15.9994,2.0,4.0,16.0,5.211664,6.82507,13.61805,10.00383,15.0,35.1211,13.95,0.0,141.0,0.89,1.3,3.44,0.881,2.6,3.61,2.68,2.23,1.52,215.0,175.0,66.0,2.15,1.55,0.6,1000.0,2506.0,54.8,2143.0,4876.0,90.2,3510.0,13310.0,,38.16,13.44,17.36,7.12,27.2,0.22,140.0,630.0,3.41,18.0,23.0,0.02658,0.204,0.144,0.918,1.0,3.0,2.0,14.0,50.0,101.0
BaLiF3,Ba,Li,F,Pm-3m,0.015,69.0,-26.98803518,20.3287001,1.61,0.76,1.285,5.055916748337136,3.5016157809535935,2.8590573128711783,2.021658813732199,2.8590573128711783,0.0,0.0,0.0,0.0,-26.40931132,1.0010142452494155,0.5914396887159533,56.0,3.0,9.0,137.327,6.941,18.9984032,2.0,1.0,17.0,5.211664,5.391719,17.4228,10.00383,75.64,34.9708,13.95,59.6,328.0,0.89,0.98,3.98,0.881,0.912,4.193,2.68,1.82,1.47,215.0,128.0,57.0,2.15,1.45,0.5,1000.0,453.69,53.53,2143.0,1615.0,85.03,3510.0,535.0,,38.16,13.02,11.2,7.12,3.0,0.255,140.0,147.0,3.27,18.0,85.0,0.0277,0.204,3.582,0.824,1.0,1.0,2.0,14.0,12.0,102.0
BaLiH3,Ba,Li,H,Pm-3m,0.0,38.0,-16.5037107,47.721477,1.61,0.76,1.3,3.7683580593145543,3.4803465196619428,2.8416910337476873,2.009379,2.8416910337476873,0.0,0.0,0.0,0.0,-16.11107729,0.998874142355754,0.5846153846153846,56.0,3.0,1.0,137.327,6.941,1.00794,2.0,1.0,1.0,5.211664,5.391719,13.598443,10.00383,75.64,,13.95,59.6,72.8,0.89,0.98,2.2,0.881,0.912,2.3,2.68,1.82,1.1,215.0,128.0,31.0,2.15,1.45,0.25,1000.0,453.69,14.01,2143.0,1615.0,20.28,3510.0,535.0,,38.16,13.02,11.42,7.12,3.0,0.06,140.0,147.0,0.452,18.0,85.0,0.1805,0.204,3.582,14.304,1.0,1.0,1.0,14.0,12.0,103.0
BaSeO3,Ba,Se,O,P21/m,0.0,68.91,-31.84915,25.75,1.61,0.5,1.35,4.753664536251589,3.7008190663972615,2.907547372894208,2.7188465636676966,3.3296199860036215,0.05697344283835981,0.12408094775847438,0.9924677731274275,0.5972050579582903,-31.04511115,1.131370849898476,0.37037037037037035,56.0,34.0,8.0,137.327,78.96,15.9994,2.0,16.0,16.0,5.211664,9.75239,13.61805,10.00383,21.19,35.1211,13.95,195.0,141.0,0.89,2.55,3.44,0.881,2.424,3.61,2.68,1.9,1.52,215.0,120.0,66.0,2.15,1.15,0.6,1000.0,494.0,54.8,2143.0,958.0,90.2,3510.0,4819.0,,38.16,16.42,17.36,7.12,6.69,0.22,140.0,26.0,3.41,18.0,0.52,0.02658,0.204,0.321,0.918,1.0,2.0,2.0,14.0,93.0,101.0
BaTiO3,Ba,Ti,O,R3m,0.0,97.0,-39.6502036566667,27.5639139666667,1.61,0.605,1.35,5.73005654829244,3.498207810004924,2.884192498821472,2.8267811628423085,3.1671171186216367,0.04449192426599352,0.06820103013836436,1.115317848877051,0.5238102714428753,-37.77974309666671,1.070606686604696,0.44814814814814813,56.0,22.0,8.0,137.327,47.867,15.9994,2.0,4.0,16.0,5.211664,6.82812,13.61805,10.00383,13.5755,35.1211,13.95,7.6,141.0,0.89,1.54,3.44,0.881,1.38,3.61,2.68,2.11,1.52,215.0,160.0,66.0,2.15,1.4,0.6,1000.0,1941.0,54.8,2143.0,3560.0,90.2,3510.0,4507.0,,38.16,10.64,17.36,7.12,14.15,0.22,140.0,425.0,3.41,18.0,22.0,0.02658,0.204,0.524,0.918,1.0,3.0,2.0,14.0,51.0,101.0
CaCO3,Ca,C,O,R3c,0.0,76.0,-37.45715,45.79,1.34,0.16,1.35,2.6079241305173033,3.789681072031728,3.4531559879995792,2.737471224275813,3.09904952216779,0.5362869279741909,1.0637746744154173,1.0168092100589927,0.4982134365506639,-36.72983241,1.2596802923124588,0.11851851851851851,20.0,6.0,8.0,40.078,12.0107,15.9994,2.0,14.0,16.0,6.11316,11.2603,13.61805,11.87172,24.3833,35.1211,2.37,153.9,141.0,1.0,2.55,3.44,1.034,2.544,3.61,2.31,1.7,1.52,176.0,76.0,66.0,1.8,0.7,0.6,1115.0,3800.0,54.8,1757.0,4300.0,90.2,1550.0,2267.0,,26.2,5.29,17.36,8.54,117.4,0.22,155.0,715.0,3.41,200.0,140.0,0.02658,0.647,0.709,0.918,1.0,2.0,2.0,16.0,95.0,101.0
CaSnO3,Ca,Sn,O,R-3,0.0,107.43,-32.05347304,29.2927990166667,1.34,0.69,1.35,4.958291274779242,3.8082319451434956,3.3294642406712684,3.280206729042996,3.1175738509927955,0.38806893387243346,0.9641701829032658,1.1747665032180457,0.24800646095068027,-31.343684999999997,0.9324104124469671,0.5111111111111111,20.0,50.0,8.0,40.078,118.71,15.9994,2.0,14.0,16.0,6.11316,7.34392,13.61805,11.87172,14.6322,35.1211,2.37,107.3,141.0,1.0,1.96,3.44,1.034,1.824,3.61,2.31,2.17,1.52,176.0,139.0,66.0,1.8,1.45,0.6,1115.0,505.08,54.8,1757.0,2875.0,90.2,1550.0,7310.0,,26.2,16.29,17.36,8.54,7.15,0.22,155.0,290.0,3.41,200.0,67.0,0.02658,0.647,0.227,0.918,1.0,2.0,2.0,16.0,83.0,101.0
CaTcN3,Ca,Tc,N,C2/m,0.0,104.42,-39.2972579875,35.32471825,1.34,0.56,1.46,4.27230184262592,4.120525701365616,3.15478564583049,3.286534047649797,3.4848709859667633,0.9583050847955665,0.6710399836828463,1.2071881788974543,0.8289483927655819,-38.3412059175,0.9801480135259073,0.3835616438356165,20.0,43.0,7.0,40.078,98.0,14.0067,2.0,7.0,15.0,6.11316,7.28,14.5341,11.87172,15.26,29.6013,2.37,53.0,7.0,1.0,1.9,3.04,1.034,1.51,3.066,2.31,2.16,1.55,176.0,147.0,71.0,1.8,1.35,0.65,1115.0,2430.0,63.05,1757.0,4538.0,77.36,1550.0,11500.0,,26.2,8.63,13.54,8.54,33.29,0.355,155.0,550.0,2.79,200.0,51.0,0.02583,0.647,,1.04,1.0,3.0,2.0,16.0,59.0,100.0
CaWN3,Ca,W,N,C2/m,0.0,115.45,-43.11079985,34.99597655,1.34,0.6,1.46,5.953713216523869,3.7843809702608704,3.3154157901389407,3.033843242946278,3.2062960742927404,0.2834362705854861,0.8006781709117105,1.1364206841204274,0.6337787490283444,-40.729365220000005,0.9611160132632683,0.410958904109589,20.0,74.0,7.0,40.078,183.84,14.0067,2.0,6.0,15.0,6.11316,7.86403,14.5341,11.87172,16.1,29.6013,2.37,78.6,7.0,1.0,2.36,3.04,1.034,0.89,3.066,2.31,2.18,1.55,176.0,162.0,71.0,1.8,1.35,0.65,1115.0,3695.0,63.05,1757.0,5828.0,77.36,1550.0,19250.0,,26.2,9.47,13.54,8.54,52.31,0.355,155.0,800.0,2.79,200.0,170.0,0.02583,0.647,0.132,1.04,1.0,3.0,2.0,16.0,55.0,100.0
CdSnO3,Cd,Sn,O,R-3,0.0,116.32,-26.6884678666667,27.5672268166667,1.31,0.69,1.35,6.821173679928445,3.785637054390316,3.2991913428582933,3.249370503995331,3.0932055656818065,0.38346064222651854,0.9591326546359272,1.1493926004791075,0.23042959678317426,-26.025754046666698,0.9220117833118707,0.5111111111111111,48.0,50.0,8.0,112.411,118.71,15.9994,12.0,14.0,16.0,8.99382,7.34392,13.61805,16.90831,14.6322,35.1211,0.0,107.3,141.0,1.69,1.96,3.44,1.52,1.824,3.61,2.18,2.17,1.52,144.0,139.0,66.0,1.55,1.45,0.6,594.22,505.08,54.8,1040.0,2875.0,90.2,8650.0,7310.0,,13.0,16.29,17.36,6.21,7.15,0.22,100.0,290.0,3.41,97.0,67.0,0.02658,0.231,0.227,0.918,3.0,2.0,2.0,75.0,83.0,101.0
CsAuBr3,Cs,Au,Br,I4/mmm ,0.0,16.0,-13.55807017,6.83728895,1.88,1.11,1.96,5.09495746277545,4.94301902486144,4.064329009579455,2.8530623161034154,4.0383925535658864,0.0,0.03270788174267019,0.3838068156144017,0.321577194748667,-12.894715360000001,0.8844592963375707,0.5663265306122449,55.0,79.0,35.0,132.9054519,196.966569,79.904,1.0,11.0,17.0,3.893905,9.22553,11.8138,23.15744,20.2,21.591,45.5,222.8,324.6,0.79,2.54,2.96,0.659,,2.685,3.43,2.14,1.85,244.0,136.0,120.0,2.6,1.35,1.15,301.59,1337.33,265.8,944.0,3129.0,332.0,1879.0,19300.0,,70.94,10.21,19.78,2.09,12.55,5.285,65.0,330.0,14.8,36.0,320.0,0.12,0.242,0.129,0.474,1.0,3.0,2.0,8.0,70.0,98.0
CsAuCl3,Cs,Au,Cl,I4/mmm ,0.0,27.35,-14.92026889,9.974861275,1.88,1.11,1.81,4.405056143754373,4.746958874330636,3.9075739739386877,2.739981262982808,3.9364989780091455,3.8459253727671276e-16,0.02909412027070559,0.4194149962577046,0.3853812737649267,-14.24999944,0.8935698707460138,0.6132596685082873,55.0,79.0,17.0,132.9054519,196.966569,35.453,1.0,11.0,17.0,3.893905,9.22553,12.96763,23.15744,20.2,23.8136,45.5,222.8,349.0,0.79,2.54,3.16,0.659,,2.869,3.43,2.14,1.75,244.0,136.0,102.0,2.6,1.35,1.0,301.59,1337.33,171.6,944.0,3129.0,239.11,1879.0,19300.0,,70.94,10.21,17.39,2.09,12.55,3.2,65.0,330.0,10.2,36.0,320.0,0.0089,0.242,0.129,0.479,1.0,3.0,2.0,8.0,70.0,99.0
CsAuI3,Cs,Au,I,I4/mmm ,0.0,17.36,-12.29230354,5.247777075,1.88,1.11,2.2,5.273790866520243,5.259788518909546,4.32110620373121,3.0360724589809274,4.253915853181856,3.8459253727671276e-16,0.030438622974322115,0.3822763086201281,0.26237736026989755,-11.641618630000002,0.8715998994686143,0.5045454545454545,55.0,79.0,53.0,132.9054519,196.966569,126.90447,1.0,11.0,17.0,3.893905,9.22553,10.45126,23.15744,20.2,19.1313,45.5,222.8,295.2,0.79,2.54,2.66,0.659,,2.359,3.43,2.14,1.98,244.0,136.0,139.0,2.6,1.35,1.4,301.59,1337.33,386.85,944.0,3129.0,457.4,1879.0,19300.0,4940.0,70.94,10.21,25.72,2.09,12.55,7.76,65.0,330.0,20.9,36.0,320.0,0.449,0.242,0.129,0.214,1.0,3.0,2.0,8.0,70.0,97.0
CsAuSe3,Cs,Au,Se,C2/c,0.0,27.88,-17.11735,8.8,1.88,1.11,1.98,5.5093451130065985,4.232312907437451,4.074252687403119,3.035364048352873,3.7157529044709867,0.29100707571452683,0.3704646461314429,0.5066770781671772,0.7946123080825243,-16.318906239999997,0.8833113836181468,0.5606060606060607,55.0,79.0,34.0,132.9054519,196.966569,78.96,1.0,11.0,16.0,3.893905,9.22553,9.75239,23.15744,20.2,21.19,45.5,222.8,195.0,0.79,2.54,2.55,0.659,,2.424,3.43,2.14,1.9,244.0,136.0,120.0,2.6,1.35,1.15,301.59,1337.33,494.0,944.0,3129.0,958.0,1879.0,19300.0,4819.0,70.94,10.21,16.42,2.09,12.55,6.69,65.0,330.0,26.0,36.0,320.0,0.52,0.242,0.129,0.321,1.0,3.0,2.0,8.0,70.0,93.0
CsBeH3,Cs,Be,H,P21/m,0.0,18.92,-15.31705,54.18,1.88,0.16,1.3,2.1149163356482634,3.6419419205498285,3.182216281525264,2.8319144520170934,3.466278940247519,0.024595632176184434,0.10288608407920748,1.4613616499920588,0.9025872280458365,-14.88930261,1.5401366877898774,0.12307692307692307,55.0,4.0,1.0,132.9054519,9.012182,1.00794,1.0,2.0,1.0,3.893905,9.3227,13.598443,23.15744,18.21114,,45.5,0.0,72.8,0.79,1.57,2.2,0.659,1.576,2.3,3.43,1.53,1.1,244.0,96.0,31.0,2.6,1.05,0.25,301.59,1560.0,14.01,944.0,2742.0,20.28,1879.0,1848.0,,70.94,4.85,11.42,2.09,7.895,0.06,65.0,297.0,0.452,36.0,190.0,0.1805,0.242,1.825,14.304,1.0,1.0,1.0,8.0,77.0,103.0
CsBiO3,Cs,Bi,O,Pm-3m,0.033,59.0,-24.3815032,15.7748079,1.88,0.895,1.35,7.481828632399729,3.83050678175963,3.1275956905272055,2.2115441215816096,3.1275956905272055,0.0,0.0,0.0,0.0,-23.48638159,1.0173518499922263,0.662962962962963,55.0,83.0,8.0,132.9054519,208.9804,15.9994,1.0,15.0,16.0,3.893905,7.2855,13.61805,23.15744,16.703,35.1211,45.5,91.2,141.0,0.79,2.02,3.44,0.659,,3.61,3.43,2.07,1.52,244.0,148.0,66.0,2.6,1.6,0.6,301.59,544.4,54.8,944.0,1837.0,90.2,1879.0,9780.0,,70.94,21.31,17.36,2.09,11.106,0.22,65.0,160.0,3.41,36.0,8.0,0.02658,0.242,0.122,0.918,1.0,2.0,2.0,8.0,87.0,101.0
CsBrO3,Cs,Br,O,R3m,0.0,38.4,-20.6227,23.87,1.88,0.39,1.35,3.9440491202967958,4.082999890728085,3.4627465648157436,3.24748731381026,3.6274394795827503,0.0818994588872303,0.1757714877394845,1.3037340741584387,0.7549065741367411,-19.768465699999997,1.312617760478476,0.28888888888888886,55.0,35.0,8.0,132.9054519,79.904,15.9994,1.0,17.0,16.0,3.893905,11.8138,13.61805,23.15744,21.591,35.1211,45.5,324.6,141.0,0.79,2.96,3.44,0.659,2.685,3.61,3.43,1.85,1.52,244.0,120.0,66.0,2.6,1.15,0.6,301.59,265.8,54.8,944.0,332.0,90.2,1879.0,,,70.94,19.78,17.36,2.09,5.285,0.22,65.0,14.8,3.41,36.0,0.12,0.02658,0.242,0.474,0.918,1.0,2.0,2.0,8.0,98.0,101.0
CsCaF3,Cs,Ca,F,Pm-3m,0.0,117.0,-25.86329092,15.6856663,1.88,1.34,1.285,3.9738154939565287,3.966799762885769,3.238878443621145,2.2902329109234425,3.238878443621145,0.0,0.0,0.0,0.0,-25.210920249999997,0.8525687476020658,1.0428015564202335,55.0,20.0,9.0,132.9054519,40.078,18.9984032,1.0,2.0,17.0,3.893905,6.11316,17.4228,23.15744,11.87172,34.9708,45.5,2.37,328.0,0.79,1.0,3.98,0.659,1.034,4.193,3.43,2.31,1.47,244.0,176.0,57.0,2.6,1.8,0.5,301.59,1115.0,53.53,944.0,1757.0,85.03,1879.0,1550.0,,70.94,26.2,11.2,2.09,8.54,0.255,65.0,155.0,3.27,36.0,200.0,0.0277,0.242,0.647,0.824,1.0,1.0,2.0,8.0,16.0,102.0
CsCaH3,Cs,Ca,H,Pm-3m,0.012,27.56,-14.88916527,40.7533565,1.88,1.34,1.3,2.951305580255678,4.0066906110412015,3.2714491847503626,2.313263902844184,3.2714491847503626,0.0,0.0,0.0,0.0,-14.42288505,0.8517422591565229,1.0307692307692309,55.0,20.0,1.0,132.9054519,40.078,1.00794,1.0,2.0,1.0,3.893905,6.11316,13.598443,23.15744,11.87172,,45.5,2.37,72.8,0.79,1.0,2.2,0.659,1.034,2.3,3.43,2.31,1.1,244.0,176.0,31.0,2.6,1.8,0.25,301.59,1115.0,14.01,944.0,1757.0,20.28,1879.0,1550.0,,70.94,26.2,11.42,2.09,8.54,0.06,65.0,155.0,0.452,36.0,200.0,0.1805,0.242,0.647,14.304,1.0,1.0,1.0,8.0,16.0,103.0
CsCdCl3,Cs,Cd,Cl,Pm-3m,0.007,35.0,-14.50250323,8.5345507,1.88,1.31,1.81,3.852294397590688,4.617651919838872,3.7702970044627895,2.6660025789429653,3.7702970044627895,0.0,0.0,0.0,0.0,-13.880686800000001,0.8362897508263974,0.7237569060773481,55.0,48.0,17.0,132.9054519,112.411,35.453,1.0,12.0,17.0,3.893905,8.99382,12.96763,23.15744,16.90831,23.8136,45.5,0.0,349.0,0.79,1.69,3.16,0.659,1.52,2.869,3.43,2.18,1.75,244.0,144.0,102.0,2.6,1.55,1.0,301.59,594.22,171.6,944.0,1040.0,239.11,1879.0,8650.0,,70.94,13.0,17.39,2.09,6.21,3.2,65.0,100.0,10.2,36.0,97.0,0.0089,0.242,0.231,0.479,1.0,3.0,2.0,8.0,75.0,99.0
CsCdF3,Cs,Cd,F,Pm-3m,0.0,30.0,-19.72050076,14.0750994,1.88,1.31,1.285,5.284169507989479,3.951600672636378,3.2264684383993054,2.281457712076519,3.2264684383993054,0.0,0.0,0.0,0.0,-19.11520431,0.8624250337015117,1.019455252918288,55.0,48.0,9.0,132.9054519,112.411,18.9984032,1.0,12.0,17.0,3.893905,8.99382,17.4228,23.15744,16.90831,34.9708,45.5,0.0,328.0,0.79,1.69,3.98,0.659,1.52,4.193,3.43,2.18,1.47,244.0,144.0,57.0,2.6,1.55,0.5,301.59,594.22,53.53,944.0,1040.0,85.03,1879.0,8650.0,,70.94,13.0,11.2,2.09,6.21,0.255,65.0,100.0,3.27,36.0,97.0,0.0277,0.242,0.231,0.824,1.0,3.0,2.0,8.0,75.0,102.0
CsGeCl3,Cs,Ge,Cl,R3m,0.0,26.89,-17.6725205466667,8.93198143333333,1.88,0.73,1.81,3.0715386795950446,4.741574616084046,3.926612321322098,2.76809720615324,3.819309305199508,0.052307413091896175,0.048775770708391925,0.3533802251714047,0.18967454258604538,-16.9125171766667,1.0272535521962047,0.4033149171270718,55.0,32.0,17.0,132.9054519,72.64,35.453,1.0,14.0,17.0,3.893905,7.89943,12.96763,23.15744,15.93461,23.8136,45.5,119.0,349.0,0.79,2.01,3.16,0.659,1.994,2.869,3.43,2.11,1.75,244.0,120.0,102.0,2.6,1.25,1.0,301.59,1211.4,171.6,944.0,3093.0,239.11,1879.0,5323.0,,70.94,13.63,17.39,2.09,36.94,3.2,65.0,334.0,10.2,36.0,60.0,0.0089,0.242,0.32,0.479,1.0,2.0,2.0,8.0,84.0,99.0
CsIO3,Cs,I,O,Pmn21,0.0,44.22,-22.07845,22.5,1.88,0.95,1.35,4.660253080268665,4.033309574815747,3.3683444391900275,2.29562853858838,3.4525092470550085,0.018534899514685454,0.06809787742526575,0.5662963260789745,0.732340487260683,-21.228438999999998,0.9930238709706734,0.7037037037037036,55.0,53.0,8.0,132.9054519,126.90447,15.9994,1.0,17.0,16.0,3.893905,10.45126,13.61805,23.15744,19.1313,35.1211,45.5,295.2,141.0,0.79,2.66,3.44,0.659,2.359,3.61,3.43,1.98,1.52,244.0,139.0,66.0,2.6,1.4,0.6,301.59,386.85,54.8,944.0,457.4,90.2,1879.0,4940.0,,70.94,25.72,17.36,2.09,7.76,0.22,65.0,20.9,3.41,36.0,0.449,0.02658,0.242,0.214,0.918,1.0,2.0,2.0,8.0,97.0,101.0
CsMgBr3,Cs,Mg,Br,P63/mmc ,0.0,11.0,-15.63809073,9.0333859,1.88,0.72,1.96,3.765843249343736,4.806421455148913,3.9940092473179165,2.69538426021293,3.809850260543645,0.0,0.08360294240995202,2.5024634545442466e-06,0.12342452209855007,-15.03194265,1.0131679252822174,0.3673469387755102,55.0,12.0,35.0,132.9054519,24.305,79.904,1.0,2.0,17.0,3.893905,7.646235,11.8138,23.15744,15.03527,21.591,45.5,0.0,324.6,0.79,1.31,2.96,0.659,1.293,2.685,3.43,1.73,1.85,244.0,141.0,120.0,2.6,1.5,1.15,301.59,923.0,265.8,944.0,1363.0,332.0,1879.0,1738.0,,70.94,14.0,19.78,2.09,8.48,5.285,65.0,128.0,14.8,36.0,160.0,0.12,0.242,1.023,0.474,1.0,1.0,2.0,8.0,73.0,98.0
CsMgCl3,Cs,Mg,Cl,P63/mmc ,0.0,13.0,-17.728475325,12.58451505,1.88,0.72,1.81,2.9026834417169836,4.580961886738943,3.8181713613482464,2.519497368354197,3.560306049251121,0.0,0.08556214779847868,1.3272178341928756e-08,0.14126150910040322,-17.115412605000003,1.0313138429163478,0.39779005524861877,55.0,12.0,17.0,132.9054519,24.305,35.453,1.0,2.0,17.0,3.893905,7.646235,12.96763,23.15744,15.03527,23.8136,45.5,0.0,349.0,0.79,1.31,3.16,0.659,1.293,2.869,3.43,1.73,1.75,244.0,141.0,102.0,2.6,1.5,1.0,301.59,923.0,171.6,944.0,1363.0,239.11,1879.0,1738.0,,70.94,14.0,17.39,2.09,8.48,3.2,65.0,128.0,10.2,36.0,160.0,0.0089,0.242,1.023,0.479,1.0,1.0,2.0,8.0,73.0,99.0
CsPbF3,Cs,Pb,F,R3c,0.0,50.0,-22.655302695,10.3726391333333,1.88,1.19,1.285,5.760497876629994,4.195163952205908,3.3311885259530687,2.450356364415509,3.674980157522368,0.03559865302074278,0.16600501710681734,0.0197108573509931,0.4278572510141344,-21.927125954999998,0.9042395807900699,0.9260700389105059,55.0,82.0,9.0,132.9054519,207.2,18.9984032,1.0,14.0,17.0,3.893905,7.41663,17.4228,23.15744,15.03248,34.9708,45.5,35.1,328.0,0.79,2.33,3.98,0.659,,4.193,3.43,2.02,1.47,244.0,146.0,57.0,2.6,1.8,0.5,301.59,600.61,53.53,944.0,2022.0,85.03,1879.0,11340.0,,70.94,18.26,11.2,2.09,4.774,0.255,65.0,178.0,3.27,36.0,35.0,0.0277,0.242,0.13,0.824,1.0,2.0,2.0,8.0,82.0,102.0
CsReO3,Cs,Re,O,Pm-3m,0.0,193.6,-34.87900128,26.5228052,1.88,0.58,1.35,9.113203588539262,3.515515108044428,2.8704060659180404,2.0296835939696467,2.8704060659180404,0.0,2.0934566115783667e-16,2.0934566115783667e-16,2.0934566115783667e-16,-32.94121740999999,1.1833963229184188,0.4296296296296296,55.0,75.0,8.0,132.9054519,186.207,15.9994,1.0,7.0,16.0,3.893905,7.83352,13.61805,23.15744,,35.1211,45.5,14.5,141.0,0.79,1.9,3.44,0.659,,3.61,3.43,2.16,1.52,244.0,151.0,66.0,2.6,1.35,0.6,301.59,3459.0,54.8,944.0,5869.0,90.2,1879.0,21020.0,,70.94,8.86,17.36,2.09,34.08,0.22,65.0,705.0,3.41,36.0,48.0,0.02658,0.242,0.137,0.918,1.0,3.0,2.0,8.0,58.0,101.0
CsSbO3,Cs,Sb,O,Pm-3m,0.326,80.19,-25.85824747,20.1085789,1.88,0.6,1.35,6.794825259626738,3.6353061342755266,2.9682150292615566,2.0988449752106733,2.9682150292615566,0.0,0.0,0.0,0.0,-24.952764879999997,1.17125892473464,0.4444444444444444,55.0,51.0,8.0,132.9054519,121.76,15.9994,1.0,15.0,16.0,3.893905,8.60839,13.61805,23.15744,16.63,35.1211,45.5,103.2,141.0,0.79,2.05,3.44,0.659,1.984,3.61,3.43,2.06,1.52,244.0,139.0,66.0,2.6,1.45,0.6,301.59,903.78,54.8,944.0,1860.0,90.2,1879.0,6697.0,,70.94,18.19,17.36,2.09,19.79,0.22,65.0,68.0,3.41,36.0,24.0,0.02658,0.242,0.207,0.918,1.0,2.0,2.0,8.0,88.0,101.0
CsSnS3,Cs,Sn,S,P-1,0.0,28.84,-20.8314,13.97,1.88,0.69,1.84,3.500195569872076,4.486019805156989,3.65470353069895,2.7211033324905785,3.6226117587417868,0.0020792929865005583,0.04903996131456351,0.4388336284643441,0.508901621741368,-19.943452019999995,1.0396985083059116,0.37499999999999994,55.0,50.0,16.0,132.9054519,118.71,32.065,1.0,14.0,16.0,3.893905,7.34392,10.36001,23.15744,14.6322,23.33788,45.5,107.3,200.0,0.79,1.96,2.58,0.659,1.824,2.589,3.43,2.17,1.8,244.0,139.0,105.0,2.6,1.45,1.0,301.59,505.08,388.36,944.0,2875.0,717.87,1879.0,7310.0,1960.0,70.94,16.29,15.53,2.09,7.15,1.721,65.0,290.0,9.8,36.0,67.0,0.205,0.242,0.227,0.708,1.0,2.0,2.0,8.0,83.0,94.0
CsSrBr3,Cs,Sr,Br,Cmcm,0.005,20.31,-17.5827226175,6.638043325,1.88,1.18,1.96,3.6997819316785776,5.104788320138425,4.002324604601324,3.0773451471261444,4.39464884398747,0.1974591055805649,0.43748605811829966,0.027570676151766366,0.15395947408636548,-16.896982307499997,0.8647420508778161,0.6020408163265306,55.0,38.0,35.0,132.9054519,87.62,79.904,1.0,2.0,17.0,3.893905,5.69485,11.8138,23.15744,11.0301,21.591,45.5,5.03,324.6,0.79,0.95,2.96,0.659,0.963,2.685,3.43,2.49,1.85,244.0,195.0,120.0,2.6,2.0,1.15,301.59,1050.0,265.8,944.0,1655.0,332.0,1879.0,2630.0,,70.94,33.94,19.78,2.09,7.43,5.285,65.0,137.0,14.8,36.0,35.0,0.12,0.242,0.306,0.474,1.0,1.0,2.0,8.0,15.0,98.0
CsWO3,Cs,W,O,Pm-3m,0.0,188.05,-37.73560849,26.5950365,1.88,0.62,1.35,8.92449840725149,3.53249568001238,2.8842706448720707,2.039487331766338,2.8842706448720707,0.0,0.0,0.0,0.0,-35.20402222,1.1593679711840346,0.4592592592592592,55.0,74.0,8.0,132.9054519,183.84,15.9994,1.0,6.0,16.0,3.893905,7.86403,13.61805,23.15744,16.1,35.1211,45.5,78.6,141.0,0.79,2.36,3.44,0.659,0.89,3.61,3.43,2.18,1.52,244.0,162.0,66.0,2.6,1.35,0.6,301.59,3695.0,54.8,944.0,5828.0,90.2,1879.0,19250.0,,70.94,9.47,17.36,2.09,52.31,0.22,65.0,800.0,3.41,36.0,170.0,0.02658,0.242,0.132,0.918,1.0,3.0,2.0,8.0,55.0,101.0
InBO3,In,B,O,R-3c,0.0,139.0,-34.4053353733333,45.3790963166667,0.92,0.27,1.35,5.239768681376158,3.537897459836623,3.198103717288959,2.579439769537568,2.9400862479276832,0.4110009730663779,0.9871424303066917,0.8435092219657662,0.31847442992595104,-33.7007496133333,0.9908224649959647,0.2,49.0,5.0,8.0,114.818,10.811,15.9994,13.0,13.0,16.0,5.78636,8.29802,13.61805,18.8703,25.1548,35.1211,28.9,26.7,141.0,1.78,2.04,3.44,1.656,2.051,3.61,1.93,1.92,1.52,142.0,84.0,66.0,1.55,0.85,0.6,429.75,2349.0,54.8,2345.0,4200.0,90.2,7310.0,2460.0,,15.76,4.39,17.36,3.291,50.2,0.22,230.0,507.0,3.41,82.0,27.0,0.02658,0.233,1.026,0.918,2.0,2.0,2.0,79.0,86.0,101.0
InGaO3,In,Ga,O,P63/mmc ,0.002,170.0,-29.07773023,31.4388998,0.92,0.62,1.35,6.348371049842657,3.6310616283082195,2.643705335252507,3.0145875458305182,3.5992668146287485,0.0,0.41538915821408356,1.267167593690299,0.797759026058003,-28.38383331,0.8147880169002348,0.4592592592592592,49.0,31.0,8.0,114.818,69.723,15.9994,13.0,13.0,16.0,5.78636,5.999301,13.61805,18.8703,20.51515,35.1211,28.9,28.9,141.0,1.78,1.81,3.44,1.656,1.756,3.61,1.93,1.87,1.52,142.0,122.0,66.0,1.55,1.3,0.6,429.75,302.91,54.8,2345.0,2477.0,90.2,7310.0,5904.0,,15.76,11.8,17.36,3.291,5.585,0.22,230.0,256.0,3.41,82.0,29.0,0.02658,0.233,0.373,0.918,2.0,2.0,2.0,79.0,81.0,101.0
KCaBr3,K,Ca,Br,Cmcm,0.0,26.95,-17.682527,8.68189005,1.64,1.34,1.96,3.137770364308916,4.760687525931628,3.733854658762723,2.923117560998821,4.274974204427614,0.19246247619258533,0.45733743913584635,0.018625398730668125,0.27080104743145883,-17.07937964,0.77138921583987,0.6836734693877552,19.0,20.0,35.0,39.0983,40.078,79.904,1.0,2.0,17.0,4.3406633,6.11316,11.8138,31.63,11.87172,21.591,48.4,2.37,324.6,0.82,1.0,2.96,0.734,1.034,2.685,2.75,2.31,1.85,203.0,176.0,120.0,2.2,1.8,1.15,336.53,1115.0,265.8,1032.0,1757.0,332.0,856.0,1550.0,,45.94,26.2,19.78,2.335,8.54,5.285,76.9,155.0,14.8,100.0,200.0,0.12,0.757,0.647,0.474,1.0,1.0,2.0,10.0,16.0,98.0
KMgF3,K,Mg,F,Pm-3m,0.0,64.0,-24.70479278,21.9558147,1.64,0.72,1.285,3.002405124410519,3.5101925239930547,2.866060194238394,2.026610598634802,2.866060194238394,0.0,0.0,0.0,0.0,-24.16707869,1.0315647555963348,0.5603112840466926,19.0,12.0,9.0,39.0983,24.305,18.9984032,1.0,2.0,17.0,4.3406633,7.646235,17.4228,31.63,15.03527,34.9708,48.4,0.0,328.0,0.82,1.31,3.98,0.734,1.293,4.193,2.75,1.73,1.47,203.0,141.0,57.0,2.2,1.5,0.5,336.53,923.0,53.53,1032.0,1363.0,85.03,856.0,1738.0,,45.94,14.0,11.2,2.335,8.48,0.255,76.9,128.0,3.27,100.0,160.0,0.0277,0.757,1.023,0.824,1.0,1.0,2.0,10.0,73.0,102.0
KMgH3,K,Mg,H,Pm-3m,0.0,35.0,-14.00270921,50.8166236,1.64,0.72,1.3,1.6972485009087663,3.48187888854885,2.8429422077045667,2.0102637135893535,2.8429422077045667,0.0,0.0,0.0,0.0,-13.651085570000001,1.0291554142022028,0.5538461538461538,19.0,12.0,1.0,39.0983,24.305,1.00794,1.0,2.0,1.0,4.3406633,7.646235,13.598443,31.63,15.03527,,48.4,0.0,72.8,0.82,1.31,2.2,0.734,1.293,2.3,2.75,1.73,1.1,203.0,141.0,31.0,2.2,1.5,0.25,336.53,923.0,14.01,1032.0,1363.0,20.28,856.0,1738.0,,45.94,14.0,11.42,2.335,8.48,0.06,76.9,128.0,0.452,100.0,160.0,0.1805,0.757,1.023,14.304,1.0,1.0,1.0,10.0,73.0,103.0
KNbO3,K,Nb,O,R3m,0.0,103.0,-38.90244676,28.3858273,1.64,0.64,1.35,4.460524942822571,3.4879817420507093,2.875663140805176,2.8169560264417615,3.162866598613259,0.04601590802428161,0.07889372483806932,1.1075120114612123,0.5192636682359718,-37.39370056999999,1.0624368219838074,0.47407407407407404,19.0,41.0,8.0,39.0983,92.90638,15.9994,1.0,5.0,16.0,4.3406633,6.75885,13.61805,31.63,14.0,35.1211,48.4,86.1,141.0,0.82,1.6,3.44,0.734,1.41,3.61,2.75,2.18,1.52,203.0,164.0,66.0,2.2,1.45,0.6,336.53,2750.0,54.8,1032.0,5017.0,90.2,856.0,8570.0,,45.94,10.83,17.36,2.335,30.0,0.22,76.9,690.0,3.41,100.0,54.0,0.02658,0.757,0.265,0.918,1.0,3.0,2.0,10.0,53.0,101.0
KSbO3,K,Sb,O,R-3,0.0,66.05,-28.211342355,29.1439907833333,1.64,0.6,1.35,4.304749781750495,4.150302097901793,3.30471224726176,2.0371053400605543,3.4533844671993372,0.39672108390832217,0.746552958177864,0.008723884857935517,0.6993154717898551,-27.364688415,1.0842303978193728,0.4444444444444444,19.0,51.0,8.0,39.0983,121.76,15.9994,1.0,15.0,16.0,4.3406633,8.60839,13.61805,31.63,16.63,35.1211,48.4,103.2,141.0,0.82,2.05,3.44,0.734,1.984,3.61,2.75,2.06,1.52,203.0,139.0,66.0,2.2,1.45,0.6,336.53,903.78,54.8,1032.0,1860.0,90.2,856.0,6697.0,,45.94,18.19,17.36,2.335,19.79,0.22,76.9,68.0,3.41,100.0,24.0,0.02658,0.757,0.207,0.918,1.0,2.0,2.0,10.0,88.0,101.0
KTaO3,K,Ta,O,Pm-3m,0.0,188.0,-41.13018931,27.07,1.64,0.64,1.35,6.820336940441666,3.4866949766651887,2.846874527185004,2.0130442833597626,2.846874527185004,0.0,0.0,0.0,0.0,-38.125738549999994,1.0624368219838074,0.47407407407407404,19.0,73.0,8.0,39.0983,180.94788,15.9994,1.0,5.0,16.0,4.3406633,7.54957,13.61805,31.63,,35.1211,48.4,31.0,141.0,0.82,1.5,3.44,0.734,0.67,3.61,2.75,2.22,1.52,203.0,170.0,66.0,2.2,1.45,0.6,336.53,3290.0,54.8,1032.0,5731.0,90.2,856.0,16650.0,,45.94,10.85,17.36,2.335,36.57,0.22,76.9,735.0,3.41,100.0,57.0,0.02658,0.757,0.14,0.918,1.0,3.0,2.0,10.0,52.0,101.0
KZnF3,K,Zn,F,Pm-3m,0.0,69.0,-20.83597697,17.4065927,1.64,0.74,1.285,3.8016737338158184,3.578341692014702,2.921703756921138,2.065956539137149,2.921703756921138,0.0,0.0,0.0,0.0,-20.29370065,1.0213764617139018,0.575875486381323,19.0,30.0,9.0,39.0983,65.409,18.9984032,1.0,12.0,17.0,4.3406633,9.394199,17.4228,31.63,17.96439,34.9708,48.4,0.0,328.0,0.82,1.65,3.98,0.734,1.59,4.193,2.75,2.01,1.47,203.0,122.0,57.0,2.2,1.35,0.5,336.53,692.68,53.53,1032.0,1180.0,85.03,856.0,7140.0,,45.94,9.16,11.2,2.335,7.068,0.255,76.9,119.0,3.27,100.0,120.0,0.0277,0.757,0.388,0.824,1.0,3.0,2.0,10.0,76.0,102.0
LaAlO3,La,Al,O,R-3c,0.0,181.0,-40.0378233416667,31.7946775166667,1.36,0.535,1.35,6.3740484351269995,3.304057586370329,3.448294513623481,3.0273664624264187,3.5043673191221134,0.007447836715381523,1.0001519111189976,1.105863147878372,0.8815192004864317,-39.0343504716667,1.016583223880925,0.3962962962962963,57.0,13.0,8.0,138.90547,26.9815386,15.9994,3.0,13.0,16.0,5.5769,5.985768,13.61805,11.059,18.82855,35.1211,48.0,42.5,141.0,1.1,1.61,3.44,1.09,1.613,3.61,2.43,1.84,1.52,207.0,121.0,66.0,1.95,1.25,0.6,1193.0,933.47,54.8,3743.0,2792.0,90.2,6146.0,2700.0,,22.39,10.0,17.36,6.2,10.71,0.22,400.0,293.0,3.41,13.0,235.0,0.02658,0.195,0.897,0.918,4.0,2.0,2.0,33.0,80.0,101.0
LaCoN3,La,Co,N,C2/m,0.0,124.88,-39.7818179875,36.182134925,1.36,0.53,1.46,4.98265390233578,3.5757179944759527,3.5290838301560306,3.38492809572185,3.352581112796559,0.5109263345408294,0.8002085851685942,1.1776629142426704,0.8705943169483304,-38.5883754275,1.0020307150482735,0.363013698630137,57.0,27.0,7.0,138.90547,58.933195,14.0067,3.0,9.0,15.0,5.5769,7.88101,14.5341,11.059,17.084,29.6013,48.0,63.7,7.0,1.1,1.88,3.04,1.09,1.84,3.066,2.43,2.0,1.55,207.0,126.0,71.0,1.95,1.35,0.65,1193.0,1768.0,63.05,3743.0,3200.0,77.36,6146.0,8900.0,,22.39,6.67,13.54,6.2,16.2,0.355,400.0,375.0,2.79,13.0,100.0,0.02583,0.195,0.421,1.04,4.0,3.0,2.0,33.0,64.0,100.0
LaCrO3,La,Cr,O,Pnma,0.0,165.0,-43.0499391025,28.0701563,1.36,0.615,1.35,6.580364871844584,3.298780827902446,3.0478060241590157,3.050830651132155,3.192650649348973,0.06284871827493316,0.7760867950974663,1.0431737865948136,0.6077545478038938,-41.505416462499994,0.9751956117127448,0.4555555555555555,57.0,24.0,8.0,138.90547,51.9961,15.9994,3.0,6.0,16.0,5.5769,6.76651,13.61805,11.059,16.4857,35.1211,48.0,64.3,141.0,1.1,1.66,3.44,1.09,1.65,3.61,2.43,2.06,1.52,207.0,139.0,66.0,1.95,1.4,0.6,1193.0,2180.0,54.8,3743.0,2944.0,90.2,6146.0,7140.0,,22.39,7.23,17.36,6.2,21.0,0.22,400.0,339.0,3.41,13.0,94.0,0.02658,0.195,0.449,0.918,4.0,3.0,2.0,33.0,57.0,101.0
LaScO3,La,Sc,O,Pnma,0.0,154.0,-43.71778287,26.87242305,1.36,0.745,1.35,5.728226324978257,3.391348597184747,3.1495408944869303,3.1286225576859015,3.3121553764733545,0.05764485541164294,0.8433638726681897,1.013684903172241,0.5990997750016548,-41.101515989999996,0.9146822801983501,0.5518518518518518,57.0,21.0,8.0,138.90547,44.955912,15.9994,3.0,3.0,16.0,5.5769,6.56149,13.61805,11.059,12.79977,35.1211,48.0,18.1,141.0,1.1,1.36,3.44,1.09,1.19,3.61,2.43,2.15,1.52,207.0,170.0,66.0,1.95,1.6,0.6,1193.0,1814.0,54.8,3743.0,3103.0,90.2,6146.0,2985.0,,22.39,15.0,17.36,6.2,14.1,0.22,400.0,318.0,3.41,13.0,16.0,0.02658,0.195,0.568,0.918,4.0,3.0,2.0,33.0,19.0,101.0
LiAsO3,Li,As,O,R-3,0.0,108.57,-29.28657745,36.9297267,0.92,0.46,1.35,4.301490356395717,3.4602308097248873,3.0462588917066116,3.0078747153169267,3.2519339481274354,0.3654717852093556,0.8937954510242856,1.1406584624288059,0.835011273046396,-28.52310609,0.8868134769577142,0.34074074074074073,3.0,33.0,8.0,6.941,74.9216,15.9994,1.0,15.0,16.0,5.391719,9.7886,13.61805,75.64,18.5892,35.1211,59.6,78.0,141.0,0.98,2.18,3.44,0.912,2.211,3.61,1.82,1.85,1.52,128.0,119.0,66.0,1.45,1.15,0.6,453.69,1090.0,54.8,1615.0,887.0,90.2,535.0,5727.0,,13.02,12.95,17.36,3.0,24.44,0.22,147.0,32.4,3.41,85.0,50.0,0.02658,3.582,0.329,0.918,1.0,2.0,2.0,12.0,89.0,101.0
LiNbO3,Li,Nb,O,R3c,0.0,102.0,-40.008017925,31.4168959833333,0.92,0.64,1.35,4.512135402341831,3.3710315275096003,3.027997130982528,3.0158384809026404,3.2411002207515964,0.3557163807239379,0.901741233350652,1.015747781918622,0.729203461297469,-38.587258115,0.8065991926097802,0.47407407407407404,3.0,41.0,8.0,6.941,92.90638,15.9994,1.0,5.0,16.0,5.391719,6.75885,13.61805,75.64,14.0,35.1211,59.6,86.1,141.0,0.98,1.6,3.44,0.912,1.41,3.61,1.82,2.18,1.52,128.0,164.0,66.0,1.45,1.45,0.6,453.69,2750.0,54.8,1615.0,5017.0,90.2,535.0,8570.0,,13.02,10.83,17.36,3.0,30.0,0.22,147.0,690.0,3.41,85.0,54.0,0.02658,3.582,0.265,0.918,1.0,3.0,2.0,12.0,53.0,101.0
LiSbO3,Li,Sb,O,C2/m,0.001,93.7,-29.4086919225,34.399048325,0.92,0.6,1.35,4.844598657614368,3.4961644065054696,3.089451115074972,3.058037610109941,3.1926834005084546,0.0020087221161498026,0.8530985762737444,1.0794126301253166,0.5314718262632276,-28.6500243625,0.8231448170735706,0.4444444444444444,3.0,51.0,8.0,6.941,121.76,15.9994,1.0,15.0,16.0,5.391719,8.60839,13.61805,75.64,16.63,35.1211,59.6,103.2,141.0,0.98,2.05,3.44,0.912,1.984,3.61,1.82,2.06,1.52,128.0,139.0,66.0,1.45,1.45,0.6,453.69,903.78,54.8,1615.0,1860.0,90.2,535.0,6697.0,,13.02,18.19,17.36,3.0,19.79,0.22,147.0,68.0,3.41,85.0,24.0,0.02658,3.582,0.207,0.918,1.0,2.0,2.0,12.0,88.0,101.0
LiTaO3,Li,Ta,O,R3c,0.0,123.0,-42.1770270316667,31.5961015166667,0.92,0.64,1.35,7.2331914003562074,3.3605810368806726,3.0258264677090385,3.000647112286559,3.2281480195889136,0.36193143866543104,0.9048598961042583,1.0026279661524462,0.7216634800119651,-39.2605626516667,0.8065991926097802,0.47407407407407404,3.0,73.0,8.0,6.941,180.94788,15.9994,1.0,5.0,16.0,5.391719,7.54957,13.61805,75.64,,35.1211,59.6,31.0,141.0,0.98,1.5,3.44,0.912,0.67,3.61,1.82,2.22,1.52,128.0,170.0,66.0,1.45,1.45,0.6,453.69,3290.0,54.8,1615.0,5731.0,90.2,535.0,16650.0,,13.02,10.85,17.36,3.0,36.57,0.22,147.0,735.0,3.41,85.0,57.0,0.02658,3.582,0.14,0.918,1.0,3.0,2.0,12.0,52.0,101.0
MgCO3,Mg,C,O,R3c,0.0,105.0,-35.85445,50.56,0.89,0.16,1.35,2.8989730951007755,3.394961332275484,3.072625550071916,2.471024950031281,2.811486332255119,0.40452966772995774,0.9422511558926473,0.8299173089002521,0.3335827551222915,-35.18296034000001,1.0489531058661368,0.11851851851851851,12.0,6.0,8.0,24.305,12.0107,15.9994,2.0,14.0,16.0,7.646235,11.2603,13.61805,15.03527,24.3833,35.1211,0.0,153.9,141.0,1.31,2.55,3.44,1.293,2.544,3.61,1.73,1.7,1.52,141.0,76.0,66.0,1.5,0.7,0.6,923.0,3800.0,54.8,1363.0,4300.0,90.2,1738.0,2267.0,,14.0,5.29,17.36,8.48,117.4,0.22,128.0,715.0,3.41,160.0,140.0,0.02658,1.023,0.709,0.918,1.0,2.0,2.0,73.0,95.0,101.0
MgSiO3,Mg,Si,O,Cmcm,0.007,139.0,-34.6242051375,41.2670353,0.89,0.4,1.35,3.975370509816493,3.005706690789256,3.2078333674695934,3.268072469125246,3.431557678310463,0.07654552167226769,0.9126675942641855,1.112025420218815,0.9181100399704428,-33.9551852875,0.905096679918781,0.2962962962962963,12.0,14.0,8.0,24.305,28.0855,15.9994,2.0,14.0,16.0,7.646235,8.15168,13.61805,15.03527,16.34584,35.1211,0.0,133.6,141.0,1.31,1.9,3.44,1.293,1.916,3.61,1.73,2.1,1.52,141.0,111.0,66.0,1.5,1.1,0.6,923.0,1687.0,54.8,1363.0,3173.0,90.2,1738.0,2330.0,,14.0,12.06,17.36,8.48,50.21,0.22,128.0,359.0,3.41,160.0,150.0,0.02658,1.023,0.712,0.918,1.0,2.0,2.0,73.0,85.0,101.0
MgTiO3,Mg,Ti,O,R-3,0.0,163.0,-38.6664293166667,34.6857921,0.89,0.605,1.35,3.7844968216299746,3.4713798796114537,3.0082604268407787,2.9880928968746487,3.2168014007997177,0.33378374952983875,0.9063139130671924,1.0106279871653252,0.7431253787431894,-36.9249649066667,0.8101888439170672,0.44814814814814813,12.0,22.0,8.0,24.305,47.867,15.9994,2.0,4.0,16.0,7.646235,6.82812,13.61805,15.03527,13.5755,35.1211,0.0,7.6,141.0,1.31,1.54,3.44,1.293,1.38,3.61,1.73,2.11,1.52,141.0,160.0,66.0,1.5,1.4,0.6,923.0,1941.0,54.8,1363.0,3560.0,90.2,1738.0,4507.0,,14.0,10.64,17.36,8.48,14.15,0.22,128.0,425.0,3.41,160.0,22.0,0.02658,1.023,0.524,0.918,1.0,3.0,2.0,73.0,51.0,101.0
NaBiO3,Na,Bi,O,R-3,0.0,58.0,-25.9749191216667,25.9516082833333,1.39,0.76,1.35,6.21110982428489,3.9171581376967,3.4362402346442726,3.3893462593489785,3.216158073018884,0.40512261743002903,0.9975712939608736,1.2368206279767944,0.2750973864521161,-25.218367471666703,0.9182334504507772,0.5629629629629629,11.0,83.0,8.0,22.98976928,208.9804,15.9994,1.0,15.0,16.0,5.139076,7.2855,13.61805,47.2864,16.703,35.1211,52.8,91.2,141.0,0.93,2.02,3.44,0.869,,3.61,2.27,2.07,1.52,166.0,148.0,66.0,1.8,1.6,0.6,370.87,544.4,54.8,1156.0,1837.0,90.2,968.0,9780.0,,23.78,21.31,17.36,2.6,11.106,0.22,97.7,160.0,3.41,140.0,8.0,0.02658,1.228,0.122,0.918,1.0,2.0,2.0,11.0,87.0,101.0
NaCdF3,Na,Cd,F,R3c,0.0,63.59,-19.6248906233333,18.49596025,1.39,0.95,1.285,4.31428159549477,3.725843741655223,3.3260281900869457,3.318832057262862,3.1552059607793077,0.47261719103530786,1.0277883948315185,1.0547803263134583,0.12283837090178944,-19.1581641333333,0.8463134853127582,0.7392996108949417,11.0,48.0,9.0,22.98976928,112.411,18.9984032,1.0,12.0,17.0,5.139076,8.99382,17.4228,47.2864,16.90831,34.9708,52.8,0.0,328.0,0.93,1.69,3.98,0.869,1.52,4.193,2.27,2.18,1.47,166.0,144.0,57.0,1.8,1.55,0.5,370.87,594.22,53.53,1156.0,1040.0,85.03,968.0,8650.0,,23.78,13.0,11.2,2.6,6.21,0.255,97.7,100.0,3.27,140.0,97.0,0.0277,1.228,0.231,0.824,1.0,3.0,2.0,11.0,75.0,102.0
NaCoF3,Na,Co,F,Cmcm,0.185,83.24,-24.416418585,19.730801075,1.39,0.745,1.285,3.9421535592399586,3.334345693082476,3.422467279708594,3.6117708140517895,3.3175884343952986,0.16136840971491193,0.9372366510973452,1.190863202232305,0.6660876500105787,-23.692840365,0.9317786402335047,0.5797665369649806,11.0,27.0,9.0,22.98976928,58.933195,18.9984032,1.0,9.0,17.0,5.139076,7.88101,17.4228,47.2864,17.084,34.9708,52.8,63.7,328.0,0.93,1.88,3.98,0.869,1.84,4.193,2.27,2.0,1.47,166.0,126.0,57.0,1.8,1.35,0.5,370.87,1768.0,53.53,1156.0,3200.0,85.03,968.0,8900.0,,23.78,6.67,11.2,2.6,16.2,0.255,97.7,375.0,3.27,140.0,100.0,0.0277,1.228,0.421,0.824,1.0,3.0,2.0,11.0,64.0,102.0
NaMgF3,Na,Mg,F,Cmcm,0.031,84.84,-24.493192605,23.936965025,1.39,0.72,1.285,3.2710277882102035,3.232982140205683,3.318361706911754,3.508020510055603,3.474343942670854,0.1308514161734402,0.9067448640114082,1.173711946168869,0.856184618749419,-24.035219825000002,0.9433968277675883,0.5603112840466926,11.0,12.0,9.0,22.98976928,24.305,18.9984032,1.0,2.0,17.0,5.139076,7.646235,17.4228,47.2864,15.03527,34.9708,52.8,0.0,328.0,0.93,1.31,3.98,0.869,1.293,4.193,2.27,1.73,1.47,166.0,141.0,57.0,1.8,1.5,0.5,370.87,923.0,53.53,1156.0,1363.0,85.03,968.0,1738.0,,23.78,14.0,11.2,2.6,8.48,0.255,97.7,128.0,3.27,140.0,160.0,0.0277,1.228,1.023,0.824,1.0,1.0,2.0,11.0,73.0,102.0
NaMnF3,Na,Mn,F,Pnma,0.0,60.0,-28.4210274775,18.600862725,1.39,0.83,1.285,3.451126118487354,3.3241472728738906,3.112538073558358,3.0705947084409866,3.2917719454117136,0.06109447475968738,0.8876872156204257,0.937897389245102,0.5762253682909384,-27.4931740175,0.8943312717134821,0.6459143968871596,11.0,25.0,9.0,22.98976928,54.938045,18.9984032,1.0,7.0,17.0,5.139076,7.43402,17.4228,47.2864,15.64,34.9708,52.8,0.0,328.0,0.93,1.55,3.98,0.869,1.75,4.193,2.27,2.05,1.47,166.0,139.0,57.0,1.8,1.4,0.5,370.87,1519.0,53.53,1156.0,2334.0,85.03,968.0,7470.0,,23.78,7.35,11.2,2.6,12.91,0.255,97.7,220.0,3.27,140.0,7.8,0.0277,1.228,0.479,0.824,1.0,3.0,2.0,11.0,60.0,102.0
NaNbO3,Na,Nb,O,R3c,0.011,103.0,-39.1699018083333,28.5442921666667,1.39,0.64,1.35,4.4575888453118875,3.433826515288835,3.1618334627972104,3.113931010958038,3.332376084426129,0.1273979043699307,0.8520579337853992,1.1101369296891566,0.7368288645232636,-37.7408969283333,0.9736043117844925,0.47407407407407404,11.0,41.0,8.0,22.98976928,92.90638,15.9994,1.0,5.0,16.0,5.139076,6.75885,13.61805,47.2864,14.0,35.1211,52.8,86.1,141.0,0.93,1.6,3.44,0.869,1.41,3.61,2.27,2.18,1.52,166.0,164.0,66.0,1.8,1.45,0.6,370.87,2750.0,54.8,1156.0,5017.0,90.2,968.0,8570.0,,23.78,10.83,17.36,2.6,30.0,0.22,97.7,690.0,3.41,140.0,54.0,0.02658,1.228,0.265,0.918,1.0,3.0,2.0,11.0,53.0,101.0
NaSbO3,Na,Sb,O,R-3,0.0,83.26,-28.5889134133333,30.8809408,1.39,0.6,1.35,4.7758114272953165,3.8031194164332685,3.363844917551716,3.3259356081950626,3.141929357245988,0.39550823715583483,0.9476405151090579,1.3019600318209936,0.37017040442162347,-27.8220007833333,0.9935756822826359,0.4444444444444444,11.0,51.0,8.0,22.98976928,121.76,15.9994,1.0,15.0,16.0,5.139076,8.60839,13.61805,47.2864,16.63,35.1211,52.8,103.2,141.0,0.93,2.05,3.44,0.869,1.984,3.61,2.27,2.06,1.52,166.0,139.0,66.0,1.8,1.45,0.6,370.87,903.78,54.8,1156.0,1860.0,90.2,968.0,6697.0,,23.78,18.19,17.36,2.6,19.79,0.22,97.7,68.0,3.41,140.0,24.0,0.02658,1.228,0.207,0.918,1.0,2.0,2.0,11.0,88.0,101.0
RbAuBr3,Rb,Au,Br,C2/m,0.0,23.56,-13.43333321,7.1844583,1.72,1.11,1.96,4.746234464836805,4.696130027432551,3.7438106660223625,2.9174536474758748,4.263065748726646,0.17038295407212106,0.0938696516281955,0.4535217198737396,0.46720066925760123,-12.808423090000002,0.8476068256568385,0.5663265306122449,37.0,79.0,35.0,85.4678,196.966569,79.904,1.0,11.0,17.0,4.177128,9.22553,11.8138,27.2895,20.2,21.591,46.9,222.8,324.6,0.82,2.54,2.96,0.706,,2.685,3.03,2.14,1.85,220.0,136.0,120.0,2.35,1.35,1.15,312.46,1337.33,265.8,961.0,3129.0,332.0,1532.0,19300.0,,55.76,10.21,19.78,2.19,12.55,5.285,72.0,330.0,14.8,58.0,320.0,0.12,0.363,0.129,0.474,1.0,3.0,2.0,9.0,70.0,98.0
RbAuI3,Rb,Au,I,C2/m,0.0,17.74,-12.16398785,5.622316375,1.72,1.11,2.2,4.976686586587941,4.984314841598948,3.9678453245583154,3.1167855969720684,4.355964045301409,0.24912677445643505,0.1219658428181563,0.4725487065070124,0.3912713490483824,-11.551747630000001,0.8374195112541588,0.5045454545454545,37.0,79.0,53.0,85.4678,196.966569,126.90447,1.0,11.0,17.0,4.177128,9.22553,10.45126,27.2895,20.2,19.1313,46.9,222.8,295.2,0.82,2.54,2.66,0.706,,2.359,3.03,2.14,1.98,220.0,136.0,139.0,2.35,1.35,1.4,312.46,1337.33,386.85,961.0,3129.0,457.4,1532.0,19300.0,4940.0,55.76,10.21,25.72,2.19,12.55,7.76,72.0,330.0,20.9,58.0,320.0,0.449,0.363,0.129,0.214,1.0,3.0,2.0,9.0,70.0,97.0
RbBiO3,Rb,Bi,O,Pm-3m,0.0,70.77,-24.8492195,17.3132009,1.72,0.895,1.35,6.93926977406871,3.761605747072622,3.0713382312828803,2.1717640906576214,3.0713382312828803,0.0,0.0,0.0,0.0,-23.992542580000002,0.9669567119121161,0.662962962962963,37.0,83.0,8.0,85.4678,208.9804,15.9994,1.0,15.0,16.0,4.177128,7.2855,13.61805,27.2895,16.703,35.1211,46.9,91.2,141.0,0.82,2.02,3.44,0.706,,3.61,3.03,2.07,1.52,220.0,148.0,66.0,2.35,1.6,0.6,312.46,544.4,54.8,961.0,1837.0,90.2,1532.0,9780.0,,55.76,21.31,17.36,2.19,11.106,0.22,72.0,160.0,3.41,58.0,8.0,0.02658,0.363,0.122,0.918,1.0,2.0,2.0,9.0,87.0,101.0
RbBrO3,Rb,Br,O,R3m,0.0,15.0,-20.665,24.44,1.72,0.39,1.35,3.606918264261688,3.9818580680740916,3.358804090786993,3.151576763377575,3.535709355458157,0.11121631047130139,0.29520902951912903,1.251885455279057,0.698461721696124,-19.84921039,1.24759644726592,0.28888888888888886,37.0,35.0,8.0,85.4678,79.904,15.9994,1.0,17.0,16.0,4.177128,11.8138,13.61805,27.2895,21.591,35.1211,46.9,324.6,141.0,0.82,2.96,3.44,0.706,2.685,3.61,3.03,1.85,1.52,220.0,120.0,66.0,2.35,1.15,0.6,312.46,265.8,54.8,961.0,332.0,90.2,1532.0,,,55.76,19.78,17.36,2.19,5.285,0.22,72.0,14.8,3.41,58.0,0.12,0.02658,0.363,0.474,0.918,1.0,2.0,2.0,9.0,98.0,101.0
RbCaH3,Rb,Ca,H,Pm-3m,0.018,26.9,-14.93211294,40.5487446,1.72,1.0,1.3,2.2796204331829677,3.932833892742981,3.2111454267813233,2.270622706653244,3.2111454267813233,0.0,0.0,0.0,0.0,-14.50427741,0.9284619474710321,0.7692307692307692,37.0,20.0,1.0,85.4678,40.078,1.00794,1.0,2.0,1.0,4.177128,6.11316,13.598443,27.2895,11.87172,,46.9,2.37,72.8,0.82,1.0,2.2,0.706,1.034,2.3,3.03,2.31,1.1,220.0,176.0,31.0,2.35,1.8,0.25,312.46,1115.0,14.01,961.0,1757.0,20.28,1532.0,1550.0,,55.76,26.2,11.42,2.19,8.54,0.06,72.0,155.0,0.452,58.0,200.0,0.1805,0.363,0.647,14.304,1.0,1.0,1.0,9.0,16.0,103.0
RbIO3,Rb,I,O,R3m,0.0,47.5,-22.1497,22.6,1.72,0.95,1.35,4.364069141148208,3.9909084335021987,3.3164522738042415,3.1644384697842765,3.5291806691088796,0.026982940529641966,0.182455220981886,1.2455646419786033,0.6679564802295554,-21.33813369,0.9438338340185658,0.7037037037037036,37.0,53.0,8.0,85.4678,126.90447,15.9994,1.0,17.0,16.0,4.177128,10.45126,13.61805,27.2895,19.1313,35.1211,46.9,295.2,141.0,0.82,2.66,3.44,0.706,2.359,3.61,3.03,1.98,1.52,220.0,139.0,66.0,2.35,1.4,0.6,312.46,386.85,54.8,961.0,457.4,90.2,1532.0,4940.0,,55.76,25.72,17.36,2.19,7.76,0.22,72.0,20.9,3.41,58.0,0.449,0.02658,0.363,0.214,0.918,1.0,2.0,2.0,9.0,97.0,101.0
RbMgF3,Rb,Mg,F,Pm-3m,0.022,65.0,-24.37495322,20.6696547,1.72,0.72,1.285,3.9327915217401417,3.576165460476302,2.919926871310728,2.064700091272635,2.919926871310728,0.0,0.0,0.0,0.0,-23.81685517,1.0597784925015339,0.5603112840466926,37.0,12.0,9.0,85.4678,24.305,18.9984032,1.0,2.0,17.0,4.177128,7.646235,17.4228,27.2895,15.03527,34.9708,46.9,0.0,328.0,0.82,1.31,3.98,0.706,1.293,4.193,3.03,1.73,1.47,220.0,141.0,57.0,2.35,1.5,0.5,312.46,923.0,53.53,961.0,1363.0,85.03,1532.0,1738.0,,55.76,14.0,11.2,2.19,8.48,0.255,72.0,128.0,3.27,58.0,160.0,0.0277,0.363,1.023,0.824,1.0,1.0,2.0,9.0,73.0,102.0
RbPbBr3,Rb,Pb,Br,Cmcm,0.0,22.36,-15.93976673,5.8380683,1.72,1.19,1.96,4.622781587950385,4.958378739060351,3.8764942942123524,3.054673201556833,4.460307835699354,0.21711851282616174,0.4639227677754504,0.02630822853681719,0.2750200578830894,-15.24042934,0.8260803031004745,0.6071428571428571,37.0,82.0,35.0,85.4678,207.2,79.904,1.0,14.0,17.0,4.177128,7.41663,11.8138,27.2895,15.03248,21.591,46.9,35.1,324.6,0.82,2.33,2.96,0.706,,2.685,3.03,2.02,1.85,220.0,146.0,120.0,2.35,1.8,1.15,312.46,600.61,265.8,961.0,2022.0,332.0,1532.0,11340.0,,55.76,18.26,19.78,2.19,4.774,5.285,72.0,178.0,14.8,58.0,35.0,0.12,0.363,0.13,0.474,1.0,2.0,2.0,9.0,82.0,98.0
RbPbCl3,Rb,Pb,Cl,Cmcm,0.0,27.83,-17.605368365,8.173055875,1.72,1.19,1.81,3.973080155230471,4.739654178685431,3.7152006821338834,2.911699199927341,4.253639825273736,0.20723744304104008,0.465620064053928,0.026789187779082457,0.26766327789888433,-16.899116335000002,0.8320289791961709,0.6574585635359116,37.0,82.0,17.0,85.4678,207.2,35.453,1.0,14.0,17.0,4.177128,7.41663,12.96763,27.2895,15.03248,23.8136,46.9,35.1,349.0,0.82,2.33,3.16,0.706,,2.869,3.03,2.02,1.75,220.0,146.0,102.0,2.35,1.8,1.0,312.46,600.61,171.6,961.0,2022.0,239.11,1532.0,11340.0,,55.76,18.26,17.39,2.19,4.774,3.2,72.0,178.0,10.2,58.0,35.0,0.0089,0.363,0.13,0.479,1.0,2.0,2.0,9.0,82.0,99.0
RbReO3,Rb,Re,O,Pm-3m,0.147,175.0,-35.97745546,29.0647247,1.72,0.58,1.35,8.40813122383076,3.4483855991428976,2.815595051420584,1.9909263539347808,2.815595051420584,0.0,0.0,0.0,0.0,-34.07811628,1.1247760716283424,0.4296296296296296,37.0,75.0,8.0,85.4678,186.207,15.9994,1.0,7.0,16.0,4.177128,7.83352,13.61805,27.2895,,35.1211,46.9,14.5,141.0,0.82,1.9,3.44,0.706,,3.61,3.03,2.16,1.52,220.0,151.0,66.0,2.35,1.35,0.6,312.46,3459.0,54.8,961.0,5869.0,90.2,1532.0,21020.0,,55.76,8.86,17.36,2.19,34.08,0.22,72.0,705.0,3.41,58.0,48.0,0.02658,0.363,0.137,0.918,1.0,3.0,2.0,9.0,58.0,101.0
RbSbO3,Rb,Sb,O,Pm-3m,0.097,89.0,-26.83141869,23.5574754,1.72,0.6,1.35,6.177875182772809,3.5452123947630385,2.894653798986617,2.046829330450838,2.894653798986617,0.0,0.0,0.0,0.0,-25.96438079,1.1132399067911287,0.4444444444444444,37.0,51.0,8.0,85.4678,121.76,15.9994,1.0,15.0,16.0,4.177128,8.60839,13.61805,27.2895,16.63,35.1211,46.9,103.2,141.0,0.82,2.05,3.44,0.706,1.984,3.61,3.03,2.06,1.52,220.0,139.0,66.0,2.35,1.45,0.6,312.46,903.78,54.8,961.0,1860.0,90.2,1532.0,6697.0,,55.76,18.19,17.36,2.19,19.79,0.22,72.0,68.0,3.41,58.0,24.0,0.02658,0.363,0.207,0.918,1.0,2.0,2.0,9.0,88.0,101.0
RbWO3,Rb,W,O,Pm-3m,0.156,175.0,-38.81364282,29.1606002,1.72,0.62,1.35,8.206707547999503,3.4677685736792405,2.831421183857717,2.002117119501034,2.831421183857717,0.0,0.0,0.0,0.0,-36.32050124,1.1019379788034014,0.4592592592592592,37.0,74.0,8.0,85.4678,183.84,15.9994,1.0,6.0,16.0,4.177128,7.86403,13.61805,27.2895,16.1,35.1211,46.9,78.6,141.0,0.82,2.36,3.44,0.706,0.89,3.61,3.03,2.18,1.52,220.0,162.0,66.0,2.35,1.35,0.6,312.46,3695.0,54.8,961.0,5828.0,90.2,1532.0,19250.0,,55.76,9.47,17.36,2.19,52.31,0.22,72.0,800.0,3.41,58.0,170.0,0.02658,0.363,0.132,0.918,1.0,3.0,2.0,9.0,55.0,101.0
ReTlO3,Re,Tl,O,Pm-3m,0.0,207.49,-35.49951765,25.9260651,1.7,0.58,1.35,11.49363887128121,3.4526049991806262,1.9933624256823823,2.819040177124956,2.819040177124956,0.0,0.0,0.0,0.0,-33.70790334,1.1174485402170826,0.4296296296296296,75.0,81.0,8.0,186.207,204.3833,15.9994,7.0,13.0,16.0,7.83352,6.108194,13.61805,,20.4283,35.1211,14.5,19.2,141.0,1.9,1.62,3.44,,,3.61,2.16,1.96,1.52,151.0,145.0,66.0,1.35,1.9,0.6,3459.0,577.0,54.8,5869.0,1746.0,90.2,21020.0,11850.0,,8.86,17.22,17.36,34.08,4.142,0.22,705.0,165.0,3.41,48.0,46.0,0.02658,0.137,0.129,0.918,3.0,2.0,2.0,58.0,78.0,101.0
ScBO3,Sc,B,O,R-3c,0.0,161.0,-42.8633234833333,46.0813441,0.745,0.27,1.35,3.401755229527726,3.442130178418884,3.108851132143198,2.5139794558776205,2.8733270112268365,0.40059532500741807,0.9769072417393775,0.7961015669829504,0.27690559802333686,-40.5384598633333,0.9144374732011217,0.2,21.0,5.0,8.0,44.955912,10.811,15.9994,3.0,13.0,16.0,6.56149,8.29802,13.61805,12.79977,25.1548,35.1211,18.1,26.7,141.0,1.36,2.04,3.44,1.19,2.051,3.61,2.15,1.92,1.52,170.0,84.0,66.0,1.6,0.85,0.6,1814.0,2349.0,54.8,3103.0,4200.0,90.2,2985.0,2460.0,,15.0,4.39,17.36,14.1,50.2,0.22,318.0,507.0,3.41,16.0,27.0,0.02658,0.568,1.026,0.918,3.0,2.0,2.0,19.0,86.0,101.0
SrWN3,Sr,W,N,C2/m,0.003,102.0,-42.812151285,32.684244875,1.44,0.6,1.46,6.6690309205944525,4.247508559111188,3.2768140852891734,3.3556143117962525,3.440956785598301,0.9672684192260481,0.6160190017498502,1.2578828910492943,0.7393785546889398,-40.406952355,0.995441585165528,0.410958904109589,38.0,74.0,7.0,87.62,183.84,14.0067,2.0,6.0,15.0,5.69485,7.86403,14.5341,11.0301,16.1,29.6013,5.03,78.6,7.0,0.95,2.36,3.04,0.963,0.89,3.066,2.49,2.18,1.55,195.0,162.0,71.0,2.0,1.35,0.65,1050.0,3695.0,63.05,1655.0,5828.0,77.36,2630.0,19250.0,,33.94,9.47,13.54,7.43,52.31,0.355,137.0,800.0,2.79,35.0,170.0,0.02583,0.306,0.132,1.04,1.0,3.0,2.0,15.0,55.0,100.0
TiCdO3,Ti,Cd,O,R-3,0.0,150.0,-34.4196155333333,28.92860965,0.74,0.95,1.35,5.626587064644095,3.680918877870942,3.1756722286579144,3.2269276151261543,3.0193604160955196,0.32740937616813665,1.1906931017743398,0.9075744677292985,0.29116146419205857,-32.6693974133333,0.6425448576869063,0.7037037037037036,22.0,48.0,8.0,47.867,112.411,15.9994,4.0,12.0,16.0,6.82812,8.99382,13.61805,13.5755,16.90831,35.1211,7.6,0.0,141.0,1.54,1.69,3.44,1.38,1.52,3.61,2.11,2.18,1.52,160.0,144.0,66.0,1.4,1.55,0.6,1941.0,594.22,54.8,3560.0,1040.0,90.2,4507.0,8650.0,,10.64,13.0,17.36,14.15,6.21,0.22,425.0,100.0,3.41,22.0,97.0,0.02658,0.524,0.231,0.918,3.0,3.0,2.0,51.0,75.0,101.0
TiPbO3,Ti,Pb,O,P4mm,0.0,63.0,-38.044,26.1,0.74,1.19,1.35,7.29511216565533,3.4288551240481393,1.9114963184767944,2.6137785045842654,2.881777362798307,0.0,0.11333085598037204,0.16387022284483926,0.1071168151045684,-36.17090159,0.5818319577479859,0.8814814814814814,22.0,82.0,8.0,47.867,207.2,15.9994,4.0,14.0,16.0,6.82812,7.41663,13.61805,13.5755,15.03248,35.1211,7.6,35.1,141.0,1.54,2.33,3.44,1.38,,3.61,2.11,2.02,1.52,160.0,146.0,66.0,1.4,1.8,0.6,1941.0,600.61,54.8,3560.0,2022.0,90.2,4507.0,11340.0,,10.64,18.26,17.36,14.15,4.774,0.22,425.0,178.0,3.41,22.0,35.0,0.02658,0.524,0.13,0.918,3.0,2.0,2.0,51.0,82.0,101.0
TlCrO3,Tl,Cr,O,Pnma,0.0,66.0,-32.94955093,26.39191275,1.7,0.49,1.35,8.776351524750295,3.2207041124661764,2.9959933051168086,2.9818368283014114,3.147160982453567,0.05015902487480625,0.7900819849150219,0.9877844985933497,0.5824943636606538,-31.72019175,1.1721063492494401,0.36296296296296293,81.0,24.0,8.0,204.3833,51.9961,15.9994,13.0,6.0,16.0,6.108194,6.76651,13.61805,20.4283,16.4857,35.1211,19.2,64.3,141.0,1.62,1.66,3.44,,1.65,3.61,1.96,2.06,1.52,145.0,139.0,66.0,1.9,1.4,0.6,577.0,2180.0,54.8,1746.0,2944.0,90.2,11850.0,7140.0,,17.22,7.23,17.36,4.142,21.0,0.22,165.0,339.0,3.41,46.0,94.0,0.02658,0.129,0.449,0.918,2.0,3.0,2.0,78.0,57.0,101.0
TlIO3,Tl,I,O,R3m,0.0,57.27,-21.4612,22.06,1.7,0.95,1.35,6.486732823498101,3.842850080645303,2.8662770353144778,1.8405139878370118,2.837151514871232,0.0,5.042186672232753e-12,4.1224212780606115e-12,2.0386466580538264e-12,-20.75735856,0.9376850793995521,0.7037037037037036,81.0,53.0,8.0,204.3833,126.90447,15.9994,13.0,17.0,16.0,6.108194,10.45126,13.61805,20.4283,19.1313,35.1211,19.2,295.2,141.0,1.62,2.66,3.44,,2.359,3.61,1.96,1.98,1.52,145.0,139.0,66.0,1.9,1.4,0.6,577.0,386.85,54.8,1746.0,457.4,90.2,11850.0,4940.0,,17.22,25.72,17.36,4.142,7.76,0.22,165.0,20.9,3.41,46.0,0.449,0.02658,0.129,0.214,0.918,2.0,2.0,2.0,78.0,97.0,101.0
YVO3,Y,V,O,Pnma,0.0,177.47,-44.866734715,28.618223025,1.075,0.64,1.35,5.502764388228431,3.1422426613658123,2.9691297160471923,2.949381292162351,3.2428022006023096,0.054070085031966905,0.8140318175301319,0.9302688011314707,0.6792932577901354,-41.454188195,0.8616753489333554,0.47407407407407404,39.0,23.0,8.0,88.90585,50.9415,15.9994,3.0,5.0,16.0,6.2173,6.74619,13.61805,12.224,14.618,35.1211,29.6,50.6,141.0,1.22,1.63,3.44,1.12,1.53,3.61,2.32,2.07,1.52,190.0,153.0,66.0,1.8,1.35,0.6,1799.0,2183.0,54.8,3609.0,3680.0,90.2,4472.0,6110.0,,19.88,8.32,17.36,11.39,21.5,0.22,380.0,453.0,3.41,17.0,31.0,0.02658,0.298,0.489,0.918,3.0,3.0,2.0,25.0,54.0,101.0
YWN3,Y,W,N,Pmc21,0.039,181.17,-49.1965,33.42,1.075,0.62,1.46,7.879840413344933,3.4199706044522897,2.748824037755967,2.529392230042455,3.0476778811860843,0.10571940877474084,0.5828367652911729,0.820555296675862,0.3319272716556247,-44.846562750000004,0.8617863895711048,0.4246575342465754,39.0,74.0,7.0,88.90585,183.84,14.0067,3.0,6.0,15.0,6.2173,7.86403,14.5341,12.224,16.1,29.6013,29.6,78.6,7.0,1.22,2.36,3.04,1.12,0.89,3.066,2.32,2.18,1.55,190.0,162.0,71.0,1.8,1.35,0.65,1799.0,3695.0,63.05,3609.0,5828.0,77.36,4472.0,19250.0,,19.88,9.47,13.54,11.39,52.31,0.355,380.0,800.0,2.79,17.0,170.0,0.02583,0.298,0.132,1.04,3.0,3.0,2.0,25.0,55.0,100.0
