Name,density,mean_A2B,mean_A2X,mean_B2X,mean_X2X,std_A2B,std_A2X,std_B2X,std_X2X,E_coh,TF,OF,A_Z,B_Z,X_Z,A_G,B_G,X_G,A_IEI,B_IEI,X_IEI,A_IEII,B_IEII,X_IEII,A_EA,B_EA,X_EA,A_ChiP,B_ChiP,X_ChiP,A_ChiA,B_ChiA,A_Rvdw,B_Rvdw,X_Rvdw,B_Rc,B_Ra,A_MP,B_MP,A_Rho,B_Rho,X_Rho,B_MV,X_MV,B_Hf,A_Kappa,B_Kappa,X_Kappa,A_CvM,B_CvM,A_B,B_B,B_MendeleevNo
AlBiO3,0.6728244183208284,0.15148404130501447,0.47417932180364764,0.7022690790035173,0.43637268420010944,0.24417547622892372,0.9343893475609735,0.5352914933354463,0.9999999999999999,0.0,0.37929261139839354,0.3005332418610453,0.1282051282051282,1.0,0.13461538461538464,0.9999999999999999,0.875,0.9375,0.410176051953807,0.2948858788919043,0.5039704526876663,0.13444903930256746,0.08780233369808652,0.9999999999999998,0.7130872483221476,0.2809611829944547,0.39181286549707595,0.7387387387387389,0.5323383084577115,0.696629213483146,0.9568706118355068,,0.06470588235294117,0.5624999999999998,0.4772727272727273,0.6050420168067228,0.6923076923076925,0.20012605268242012,0.07882972101182728,0.1056870881132536,0.4513058335367342,,0.5725888324873097,0.4242424242424243,0.07085664335664334,1.0,0.024634237839189697,0.03459205634905106,0.22241529105125976,0.0,0.3333333333333333,0.5,0.872093023255814
BaHfO3,0.6560930702677115,0.2821614448025149,0.4407173896737142,0.147937328061861,0.09823195818628383,0.0,0.0,0.0,0.0,0.637222049601339,0.45309697108550906,0.44078208806286634,0.6794871794871795,0.8625,0.13461538461538464,0.08333333333333333,0.1875,0.9375,0.2583884241207942,0.22319104975474457,0.5039704526876663,0.0,0.06144414400889031,0.9999999999999998,0.23406040268456374,0.0,0.39181286549707595,0.09009009009009006,0.17412935323383083,0.696629213483146,0.22266800401203624,0.9578163771712158,0.5588235294117647,0.7291666666666667,0.4772727272727273,0.8319327731092436,0.653846153846154,0.22119712042465184,0.6338633919981892,0.14522821576763487,0.6236270441786673,,0.30626057529610834,0.4242424242424243,0.2115384615384615,0.02252252252252253,0.07152682255845942,0.03459205634905106,0.021720243266724587,0.00635838150289017,0.0,1.0,0.4418604651162791
BaLiF3,0.34284753061557294,0.2200049190662623,0.3932424913231698,0.10226909119797045,0.02885150425118055,0.0,0.0,0.0,0.0,0.8281068665452533,0.43742066000561786,0.5116627167269552,0.6794871794871795,0.0,0.15384615384615385,0.08333333333333333,0.0,1.0,0.2583884241207942,0.0,1.0000000000000002,0.0,1.0000000000000002,0.990600257664261,0.23406040268456374,0.1836105976586568,0.9385964912280701,0.09009009009009006,0.014925373134328346,1.0000000000000002,0.22266800401203624,0.12009925558312656,0.5588235294117647,0.30208333333333326,0.4204545454545454,0.4369747899159664,0.5769230769230769,0.22119712042465184,0.053163375021221204,0.14522821576763487,0.0,,0.2920473773265652,0.0,0.0,0.02252252252252253,0.26534950606477425,0.036783408334963796,0.021720243266724587,1.0000000000000002,0.0,0.0,0.0
BaLiH3,0.21141558064790014,0.21056903212271383,0.3860353997396888,0.09533626612683666,0.018318963835366242,0.0,0.0,0.0,0.0,0.9472512803537196,0.43518744250540986,0.5042793678817129,0.6794871794871795,0.0,0.0,0.08333333333333333,0.0,0.0,0.2583884241207942,0.0,0.5014142659909968,0.0,1.0000000000000002,,0.23406040268456374,0.1836105976586568,0.19239766081871343,0.09009009009009006,0.014925373134328346,0.0,0.22266800401203624,0.12009925558312656,0.5588235294117647,0.30208333333333326,0.0,0.4369747899159664,0.5769230769230769,0.22119712042465184,0.053163375021221204,0.14522821576763487,0.0,,0.2920473773265652,0.015151515151515138,0.0,0.02252252252252253,0.26534950606477425,0.33574642927020154,0.021720243266724587,1.0000000000000002,0.0,0.0,0.0
BaSeO3,0.3119941039289783,0.3083793884216126,0.41336610565583176,0.4958809828316677,0.3142448425534048,0.058901378051758005,0.10420900866358603,0.6791390571477093,0.6494414982834436,0.7744734327283742,0.573449003143778,0.27248347262068096,0.6794871794871795,0.38750000000000007,0.13461538461538464,0.08333333333333333,0.9375,0.9375,0.2583884241207942,0.6790121457515094,0.5039704526876663,0.0,0.15724989513990897,0.9999999999999998,0.23406040268456374,0.6007393715341959,0.39181286549707595,0.09009009009009006,0.7960199004975125,0.696629213483146,0.22266800401203624,0.870471464019851,0.5588235294117647,0.3854166666666665,0.4772727272727273,0.3697478991596639,0.34615384615384615,0.22119712042465184,0.06456906796446155,0.14522821576763487,0.20912863070539423,,0.40710659898477175,0.4242424242424243,0.03225524475524476,0.02252252252252253,0.0012504689258471928,0.03459205634905106,0.021720243266724587,0.05751445086705203,0.0,0.5,0.941860465116279
BaTiO3,0.41166265276445424,0.2184930081382055,0.40367371759930215,0.5568177129417056,0.21568786289094244,0.04599749498861273,0.05727842887200144,0.7632045420674012,0.569627003269415,0.6965577655213653,0.51004102717446,0.35663278034177365,0.6794871794871795,0.23750000000000002,0.13461538461538464,0.08333333333333333,0.1875,0.9375,0.2583884241207942,0.22366597369295083,0.5039704526876663,0.0,0.039396439245378834,0.9999999999999998,0.23406040268456374,0.02341343191620456,0.39181286549707595,0.09009009009009006,0.2935323383084577,0.696629213483146,0.22266800401203624,0.3523573200992555,0.5588235294117647,0.6041666666666663,0.4772727272727273,0.7058823529411764,0.5384615384615383,0.22119712042465184,0.47399694414577564,0.14522821576763487,0.19389797412741033,,0.2115059221658207,0.4242424242424243,0.09746503496503495,0.02252252252252253,0.06840065024384144,0.03459205634905106,0.021720243266724587,0.1161849710982659,0.0,1.0,0.4534883720930232
CaCO3,0.09296032468884921,0.34780209460995426,0.6397963749057289,0.5063959235971567,0.1744052884511622,0.5544344437537788,0.8934079426765872,0.6957957395861033,0.541791259780329,0.7087046047706719,0.7073411132332001,0.0,0.21794871794871792,0.037500000000000006,0.13461538461538464,0.08333333333333333,0.8125,0.9375,0.4351552918038829,0.9138129836730492,0.5039704526876663,0.028458241850491867,0.20667420937039063,0.9999999999999998,0.03976510067114094,0.47412199630314233,0.39181286549707595,0.18918918918918914,0.7960199004975125,0.696629213483146,0.3761283851554664,0.9300248138957816,0.3411764705882352,0.17708333333333326,0.4772727272727273,0.0,0.0,0.2576193779078422,1.0,0.04954845008542837,0.08454967049060289,,0.03045685279187818,0.4242424242424243,1.0,0.8423423423423424,0.43728898336876326,0.03459205634905106,0.15001448016217783,0.16965317919075143,0.0,0.5,0.9651162790697674
CaSnO3,0.3328820770283878,0.3560319968612129,0.5884636890277197,0.8128085774453415,0.18564017881759054,0.4012008726418915,0.8097554117568032,0.8038848584978465,0.2696991350582854,0.7710191117027345,0.3658319151609071,0.42475364849694397,0.21794871794871792,0.5875,0.13461538461538464,0.08333333333333333,0.8125,0.9375,0.4351552918038829,0.30398261871813814,0.5039704526876663,0.028458241850491867,0.05575151795622654,0.9999999999999998,0.03976510067114094,0.33056069008009853,0.39181286549707595,0.18918918918918914,0.5024875621890548,0.696629213483146,0.3761283851554664,0.5727047146401985,0.3411764705882352,0.6666666666666663,0.4772727272727273,0.5294117647058822,0.5769230769230769,0.2576193779078422,0.0677041480391602,0.04954845008542837,0.3307298022943617,,0.40270727580372256,0.4242424242424243,0.036276223776223776,0.8423423423423424,0.20907840440165062,0.03459205634905106,0.15001448016217783,0.03034682080924856,0.0,0.5,0.8255813953488371
CaTcN3,0.26285736320849107,0.494577879413554,0.5159712096808668,0.8163807971896249,0.40840360967212463,0.9907333535838444,0.5635709005812497,0.8260707942513849,0.9014550011311715,0.6900619761978213,0.41564655092593483,0.28675537086431063,0.21794871794871792,0.5,0.1153846153846154,0.08333333333333333,0.375,0.875,0.4351552918038829,0.2940294586754667,0.6233969240236183,0.028458241850491867,0.0654682951064775,0.654792430174236,0.03976510067114094,0.16327788046826863,0.0,0.18918918918918914,0.4726368159203981,0.4719101123595506,0.3761283851554664,0.41687344913151364,0.3411764705882352,0.6562500000000002,0.5113636363636362,0.596638655462185,0.5000000000000002,0.2576193779078422,0.6123592326410504,0.04954845008542837,0.5352697095435685,,0.14348561759729278,0.16115702479338834,0.26477272727272727,0.8423423423423424,0.15905964736776293,0.03312463314419878,0.15001448016217783,,0.0,1.0,0.5465116279069767
CaWN3,0.43449317092222806,0.3454507594877163,0.5826335126915847,0.6737189307885079,0.23944965614100755,0.29302752467849136,0.6724471400048935,0.7776450710380985,0.6892142235974188,0.6624324001609289,0.395786479629191,0.3163970056780027,0.21794871794871792,0.8875000000000001,0.1153846153846154,0.08333333333333333,0.3125,0.875,0.4351552918038829,0.3849703857674792,0.6233969240236183,0.028458241850491867,0.07846939865252853,0.654792430174236,0.03976510067114094,0.24214417744916816,0.0,0.18918918918918914,0.701492537313433,0.4719101123595506,0.3761283851554664,0.10918114143920593,0.3411764705882352,0.6770833333333333,0.5113636363636362,0.7226890756302522,0.5000000000000002,0.2576193779078422,0.9702903061513214,0.04954845008542837,0.9135953136441299,,0.17191201353637908,0.16115702479338834,0.4310314685314685,0.8423423423423424,0.5310741528073027,0.03312463314419878,0.15001448016217783,0.002890173410404623,0.0,1.0,0.5
CdSnO3,0.5230421599486419,0.34600800817042865,0.5759002869607588,0.7953993431709632,0.1708609651428017,0.39643664013484636,0.805524658878642,0.7865216666150733,0.2505848545478432,0.832544394995291,0.35498084784472905,0.42475364849694397,0.576923076923077,0.5875,0.13461538461538464,0.9166666666666666,0.8125,0.9375,0.9999999999999999,0.30398261871813814,0.5039704526876663,0.10519321892182315,0.05575151795622654,0.9999999999999998,0.0,0.33056069008009853,0.39181286549707595,0.8108108108108109,0.5024875621890548,0.696629213483146,0.8635907723169511,0.5727047146401985,0.2647058823529411,0.6666666666666663,0.4772727272727273,0.5294117647058822,0.5769230769230769,0.09268039310700861,0.0677041480391602,0.3961435196485233,0.3307298022943617,,0.40270727580372256,0.4242424242424243,0.036276223776223776,0.37837837837837834,0.20907840440165062,0.03459205634905106,0.029539530842745437,0.03034682080924856,0.6666666666666667,0.5,0.8255813953488371
CsAuBr3,0.3468327448590136,0.8594685028305895,0.8934361965714448,0.5716552863935862,0.7441110021599511,0.0,0.027469615549069418,0.26263643610497606,0.34970496714370947,0.9844626658815078,0.3157944744531894,0.4844922969811599,0.6666666666666666,0.9500000000000001,0.6538461538461539,0.0,0.625,1.0,0.0,0.5969733175274491,0.26874834591632024,0.20040185160103036,0.14192716596063457,0.1538293161890707,0.7634228187919463,0.6863832409118915,0.928654970760234,0.0,0.7910447761194032,0.4269662921348314,0.0,,1.0,0.6354166666666667,0.8522727272727273,0.5042016806722689,0.5000000000000002,0.0,0.30318884047309147,0.06560898218208445,0.9160361239931658,,0.19695431472081226,0.590909090909091,0.08347902097902098,0.10360360360360361,1.0,0.21737429074545098,0.03272516652186505,0.002023121387283236,0.0,1.0,0.6744186046511628
CsAuCl3,0.27640871182868765,0.7724884526456759,0.8283820827914392,0.5078130183232554,0.6823131815081132,3.976068375978215e-16,0.024434608907492786,0.28700287588632406,0.41908987291557076,0.9687828389534003,0.32530144454614185,0.5352701820785526,0.6666666666666666,0.9500000000000001,0.3076923076923077,0.0,0.625,1.0,0.0,0.5969733175274491,0.4191744639465167,0.20040185160103036,0.14192716596063457,0.2928304293987418,0.7634228187919463,0.6863832409118915,0.9999999999999999,0.0,0.7910447761194032,0.5393258426966292,0.0,,1.0,0.6354166666666667,0.7386363636363635,0.5042016806722689,0.5000000000000002,0.0,0.30318884047309147,0.06560898218208445,0.9160361239931658,,0.19695431472081226,0.4263085399449036,0.08347902097902098,0.10360360360360361,1.0,0.0,0.03272516652186505,0.002023121387283236,0.0,1.0,0.6744186046511628
CsAuI3,0.3650877752307764,0.9999999999999998,1.0,0.6749774812153333,0.8748245446299889,3.976068375978215e-16,0.02556378543636749,0.26158912040849397,0.2853270308056199,0.998960246234239,0.30237557285975347,0.4176501355075011,0.6666666666666666,0.9500000000000001,1.0000000000000002,0.0,0.625,1.0,0.0,0.5969733175274491,0.09111246986797328,0.20040185160103036,0.14192716596063457,0.0,0.7634228187919463,0.6863832409118915,0.842690058479532,0.0,0.7910447761194032,0.2584269662921348,0.0,,1.0,0.6354166666666667,0.9999999999999998,0.5042016806722689,0.5000000000000002,0.0,0.30318884047309147,0.06560898218208445,0.9160361239931658,1.0,0.19695431472081226,1.0,0.08347902097902098,0.10360360360360361,1.0,0.8610839366073176,0.03272516652186505,0.002023121387283236,0.0,1.0,0.6744186046511628
CsAuSe3,0.38913277931705204,0.5441711127546238,0.8975545718671272,0.6745775332136825,0.5484320590961103,0.3008545197282195,0.3111336124979528,0.34671573471900713,0.8641156015654874,0.9448468235946244,0.31459661673274,0.47830320795582115,0.6666666666666666,0.9500000000000001,0.6346153846153846,0.0,0.625,0.9375,0.0,0.5969733175274491,0.0,0.20040185160103036,0.14192716596063457,0.1287508286532666,0.7634228187919463,0.6863832409118915,0.5497076023391813,0.0,0.7910447761194032,0.196629213483146,0.0,,1.0,0.6354166666666667,0.909090909090909,0.5042016806722689,0.5000000000000002,0.0,0.30318884047309147,0.06560898218208445,0.9160361239931658,0.9593959731543624,0.19695431472081226,0.359504132231405,0.08347902097902098,0.10360360360360361,1.0,1.0000000000000002,0.03272516652186505,0.002023121387283236,0.0,1.0,0.6744186046511628
CsBeH3,0.04263487049297915,0.28225915395943635,0.5273550589349039,0.5597158184557178,0.3971276494299709,0.02542792847084204,0.08640856651129433,1.0,0.9815348914116659,0.9613864833050771,1.0,0.0049318275587453,0.6666666666666666,0.012499999999999997,0.0,0.0,0.0625,0.0,0.0,0.6121039270604028,0.5014142659909968,0.20040185160103036,0.11114457691468341,,0.7634228187919463,0.0,0.19239766081871343,0.0,0.3084577114427861,0.0,0.0,0.4496277915632754,1.0,0.0,0.0,0.16806722689075637,0.2692307692307694,0.0,0.36619319789485594,0.06560898218208445,0.0640956797656822,,0.015566835871404394,0.015151515151515138,0.042788461538461525,0.10360360360360361,0.5935975990996624,0.33574642927020154,0.03272516652186505,0.4921965317919075,0.0,0.0,0.7558139534883721
CsBiO3,0.5904807702422176,0.3659139968570646,0.5046872439776742,0.20947280386069056,0.19171836224343441,0.0,0.0,0.0,0.0,0.8619234168654046,0.4544691042328488,0.5890451540476487,0.6666666666666666,1.0,0.13461538461538464,0.0,0.875,0.9375,0.0,0.2948858788919043,0.5039704526876663,0.20040185160103036,0.08780233369808652,0.9999999999999998,0.7634228187919463,0.2809611829944547,0.39181286549707595,0.0,0.5323383084577115,0.696629213483146,0.0,,1.0,0.5624999999999998,0.4772727272727273,0.6050420168067228,0.6923076923076925,0.0,0.07882972101182728,0.06560898218208445,0.4513058335367342,,0.5725888324873097,0.4242424242424243,0.07085664335664334,0.10360360360360361,0.024634237839189697,0.03459205634905106,0.03272516652186505,0.0,0.0,0.5,0.872093023255814
CsBrO3,0.2293498456516296,0.4779299431366246,0.6437765116385894,0.7943361488576375,0.4948705154700983,0.08467087031825302,0.147621152316709,0.8921365044481108,0.8209368792814673,0.9049374819966504,0.7625818592156424,0.1843270550081077,0.6666666666666666,0.4,0.13461538461538464,0.0,1.0,0.9375,0.0,0.9999999999999999,0.5039704526876663,0.20040185160103036,0.16345637433272617,0.9999999999999998,0.7634228187919463,1.0,0.39181286549707595,0.0,1.0,0.696629213483146,0.0,1.0,1.0,0.3333333333333335,0.4772727272727273,0.3697478991596639,0.34615384615384615,0.0,0.0,0.06560898218208445,,,0.520812182741117,0.4242424242424243,0.019973776223776222,0.10360360360360361,0.0,0.03459205634905106,0.03272516652186505,0.10173410404624278,0.0,0.5,1.0
CsCaF3,0.2323883498898596,0.4263789628693213,0.5508701359781318,0.2538982017912623,0.2592106607496587,0.0,0.0,0.0,0.0,0.8419715351022614,0.2825163868723102,1.0,0.6666666666666666,0.2125,0.15384615384615385,0.0,0.0625,1.0,0.0,0.11233757406672373,1.0000000000000002,0.20040185160103036,0.013026177102889835,0.990600257664261,0.7634228187919463,0.007301293900184843,0.9385964912280701,0.0,0.02487562189054726,1.0000000000000002,0.0,0.18064516129032254,1.0,0.8124999999999998,0.4204545454545454,0.8403361344537814,0.8461538461538463,0.0,0.2402806858695037,0.06560898218208445,0.04954845008542837,,0.7380710659898478,0.0,0.048426573426573416,0.10360360360360361,0.6248593222458423,0.036783408334963796,0.03272516652186505,0.1517341040462428,0.0,0.0,0.046511627906976744
CsCaH3,0.12801215875794406,0.44407612348602266,0.5643871543670975,0.26690082884109523,0.2789646129277328,0.0,0.0,0.0,0.0,0.9667826557570034,0.2816539384051021,0.9869819901939149,0.6666666666666666,0.2125,0.0,0.0,0.0625,0.0,0.0,0.11233757406672373,0.5014142659909968,0.20040185160103036,0.013026177102889835,,0.7634228187919463,0.007301293900184843,0.19239766081871343,0.0,0.02487562189054726,0.0,0.0,0.18064516129032254,1.0,0.8124999999999998,0.0,0.8403361344537814,0.8461538461538463,0.0,0.2402806858695037,0.06560898218208445,0.04954845008542837,,0.7380710659898478,0.015151515151515138,0.048426573426573416,0.10360360360360361,0.6248593222458423,0.33574642927020154,0.03272516652186505,0.1517341040462428,0.0,0.0,0.046511627906976744
CsCdCl3,0.21998366900521857,0.7151227648172116,0.7714114626441848,0.46604680862122305,0.5815127169343701,0.0,0.0,0.0,0.0,0.9730555655079411,0.2655291006100826,0.6548193169625044,0.6666666666666666,0.5625000000000001,0.3076923076923077,0.0,0.6875,1.0,0.0,0.5608931123727651,0.4191744639465167,0.20040185160103036,0.09098002008980052,0.2928304293987418,0.7634228187919463,0.0,0.9999999999999999,0.0,0.3681592039800995,0.5393258426966292,0.0,0.4218362282878411,1.0,0.6770833333333333,0.7386363636363635,0.5714285714285714,0.653846153846154,0.0,0.09292626336936224,0.06560898218208445,0.3961435196485233,,0.2913705583756346,0.4263085399449036,0.028059440559440558,0.10360360360360361,0.3028635738401901,0.0,0.03272516652186505,0.03150289017341041,0.0,1.0,0.7325581395348837
CsCdF3,0.36614721049997767,0.41963604428501,0.5457199225357889,0.24894398018034192,0.25168406966874657,0.0,0.0,0.0,0.0,0.912495325909356,0.29280151412928934,0.9747411750031184,0.6666666666666666,0.5625000000000001,0.15384615384615385,0.0,0.6875,1.0,0.0,0.5608931123727651,1.0000000000000002,0.20040185160103036,0.09098002008980052,0.990600257664261,0.7634228187919463,0.0,0.9385964912280701,0.0,0.3681592039800995,1.0000000000000002,0.0,0.4218362282878411,1.0,0.6770833333333333,0.4204545454545454,0.5714285714285714,0.653846153846154,0.0,0.09292626336936224,0.06560898218208445,0.3961435196485233,,0.2913705583756346,0.0,0.028059440559440558,0.10360360360360361,0.3028635738401901,0.036783408334963796,0.03272516652186505,0.03150289017341041,0.0,1.0,0.7325581395348837
CsGeCl3,0.14028536294782532,0.7700997823767357,0.8362830909587424,0.523686460702877,0.6112383728858095,0.05407745363355237,0.040964183495904624,0.24181572383080194,0.2062650298784163,0.9379790997816466,0.46480162362210975,0.3081268257990444,0.6666666666666666,0.36250000000000004,0.3076923076923077,0.0,0.8125,1.0,0.0,0.3904826177060051,0.4191744639465167,0.20040185160103036,0.07590957422933639,0.2928304293987418,0.7634228187919463,0.3666050523721503,0.9999999999999999,0.0,0.5273631840796019,0.5393258426966292,0.0,0.6570719602977666,1.0,0.6041666666666663,0.7386363636363635,0.3697478991596639,0.42307692307692313,0.0,0.267557014317243,0.06560898218208445,0.2337319990236759,,0.3126903553299493,0.4263085399449036,0.29667832167832164,0.10360360360360361,0.18719519819932476,0.0,0.03272516652186505,0.05722543352601157,0.0,0.5,0.8372093023255813
CsIO3,0.30245881057588464,0.45588535039272426,0.6045991633867378,0.256944415973803,0.38877641604070057,0.019162105519289,0.05719179637791469,0.387512787188614,0.7963969778257012,0.8880464633523099,0.42908262928506313,0.6331233628539352,0.6666666666666666,0.6250000000000001,0.13461538461538464,0.0,1.0,0.9375,0.0,0.7878351269627398,0.5039704526876663,0.20040185160103036,0.12538635719912897,0.9999999999999998,0.7634228187919463,0.9094269870609981,0.39181286549707595,0.0,0.8507462686567165,0.696629213483146,0.0,0.838213399503722,1.0,0.4687499999999998,0.4772727272727273,0.5294117647058822,0.5384615384615383,0.0,0.034251032765548084,0.06560898218208445,0.21503539175006103,,0.7218274111675128,0.4242424242424243,0.041608391608391596,0.10360360360360361,0.001028510691509316,0.03459205634905106,0.03272516652186505,0.026589595375722544,0.0,0.5,0.9883720930232558
CsMgBr3,0.2111588728324967,0.7988684092543783,0.8642531480241014,0.4826348498556239,0.6055015210579411,0.0,0.07021367830666783,1.7124189994706959e-06,0.13422024058309062,0.9597362232797264,0.450103139442269,0.2692123625051867,0.6666666666666666,0.11250000000000002,0.6538461538461539,0.0,0.0625,1.0,0.0,0.35105692376038233,0.26874834591632024,0.20040185160103036,0.06199003558278224,0.1538293161890707,0.7634228187919463,0.0,0.928654970760234,0.0,0.17910447761194037,0.4269662921348314,0.0,0.3091811414392059,1.0,0.20833333333333326,0.8522727272727273,0.546218487394958,0.6153846153846154,0.0,0.18595438854620563,0.06560898218208445,0.05872589699780327,,0.3252115059221659,0.590909090909091,0.0479020979020979,0.10360360360360361,0.4998124296611229,0.21737429074545098,0.03272516652186505,0.26040462427745664,0.0,0.0,0.7093023255813953
CsMgCl3,0.12304888793058469,0.6988456125673637,0.7912795571346762,0.3833342350291402,0.4541545069807662,0.0,0.07185911102615453,9.082062843239986e-09,0.15361739639913347,0.935631720920109,0.4690385751813131,0.30214936905484674,0.6666666666666666,0.11250000000000002,0.3076923076923077,0.0,0.0625,1.0,0.0,0.35105692376038233,0.4191744639465167,0.20040185160103036,0.06199003558278224,0.2928304293987418,0.7634228187919463,0.0,0.9999999999999999,0.0,0.17910447761194037,0.5393258426966292,0.0,0.3091811414392059,1.0,0.20833333333333326,0.7386363636363635,0.546218487394958,0.6153846153846154,0.0,0.18595438854620563,0.06560898218208445,0.05872589699780327,,0.3252115059221659,0.4263085399449036,0.0479020979020979,0.10360360360360361,0.4998124296611229,0.0,0.03272516652186505,0.26040462427745664,0.0,0.0,0.7093023255813953
CsPbF3,0.414770055306274,0.5276903644658528,0.5891792759334475,0.34429923857047107,0.5237036413362457,0.036803282639194065,0.13941881149680044,0.013488007811824137,0.46528114664672116,0.879963072797522,0.336435387340716,0.873705875015592,0.6666666666666666,0.9875000000000002,0.15384615384615385,0.0,0.8125,1.0,0.0,0.3153044939794435,1.0000000000000002,0.20040185160103036,0.06194685334600428,0.990600257664261,0.7634228187919463,0.10813308687615526,0.9385964912280701,0.0,0.6865671641791046,1.0000000000000002,0.0,,1.0,0.5104166666666667,0.4204545454545454,0.588235294117647,0.8461538461538463,0.0,0.09473431045215325,0.06560898218208445,0.5274591164266537,,0.4693739424703893,0.0,0.015506993006993004,0.10360360360360361,0.1090408903338752,0.036783408334963796,0.03272516652186505,0.0023121387283236983,0.0,0.5,0.813953488372093
CsReO3,0.7570089397477281,0.22617121122009487,0.3979522798728894,0.10679964832479727,0.035734452480055356,0.0,1.7581832030930154e-16,1.43253835324729e-16,2.2765674541721486e-16,0.7525366163569305,0.6277380736126972,0.33659723088437066,0.6666666666666666,0.9,0.13461538461538464,0.0,0.375,0.9375,0.0,0.3802195892577499,0.5039704526876663,0.20040185160103036,,0.9999999999999998,0.7634228187919463,0.04467036352433764,0.39181286549707595,0.0,0.4726368159203981,0.696629213483146,0.0,,1.0,0.6562500000000002,0.4772727272727273,0.6302521008403361,0.5000000000000002,0.0,0.9035142323581009,0.06560898218208445,1.0000000000000002,,0.15126903553299492,0.4242424242424243,0.2716783216783217,0.10360360360360361,0.149681130423909,0.03459205634905106,0.03272516652186505,0.004335260115606941,0.0,1.0,0.5348837209302325
CsSbO3,0.5203525549711399,0.2793152562750141,0.43854348259913056,0.1458461492146914,0.09505498119659794,0.0,0.0,0.0,0.0,0.8449582384671837,0.6150725844386553,0.3526256704502931,0.6666666666666666,0.6000000000000001,0.13461538461538464,0.0,0.875,0.9375,0.0,0.500876740732482,0.5039704526876663,0.20040185160103036,0.0866724758899178,0.9999999999999998,0.7634228187919463,0.31792975970425136,0.39181286549707595,0.0,0.5472636815920399,0.696629213483146,0.0,0.6521091811414392,1.0,0.5520833333333333,0.4772727272727273,0.5294117647058822,0.5769230769230769,0.0,0.1805160998245713,0.06560898218208445,0.3008054674151818,,0.46700507614213216,0.4242424242424243,0.14676573426573425,0.10360360360360361,0.07465299487307742,0.03459205634905106,0.03272516652186505,0.024566473988439308,0.0,0.5,0.8837209302325582
CsSnS3,0.18404197881048348,0.6567255438114181,0.7234396002812302,0.4971550887600016,0.4919425327679803,0.002149654578988767,0.04118606317739258,0.3002909159869693,0.5534143210918201,0.9029129948408754,0.47778805238487165,0.2774923599850317,0.6666666666666666,0.5875,0.2884615384615385,0.0,0.8125,0.9375,0.0,0.30398261871813814,0.07921610448463667,0.20040185160103036,0.05575151795622654,0.2630789628388097,0.7634228187919463,0.33056069008009853,0.5643274853801169,0.0,0.5024875621890548,0.2134831460674158,0.0,0.5727047146401985,1.0,0.6666666666666663,0.7954545454545456,0.5294117647058822,0.5769230769230769,0.0,0.0677041480391602,0.06560898218208445,0.3307298022943617,0.0,0.40270727580372256,0.29820936639118445,0.036276223776223776,0.10360360360360361,0.20907840440165062,0.38368225396204264,0.03272516652186505,0.03034682080924856,0.0,0.5,0.8255813953488371
CsSrBr3,0.20441543824408445,0.9312357711075745,0.8677040623543808,0.6982788384969971,0.960178229374903,0.20414096196644177,0.367421342633437,0.018866429231885293,0.16742602928952996,0.9381588289347291,0.2952193433475623,0.5231322852204372,0.6666666666666666,0.4375,0.6538461538461539,0.0,0.0625,1.0,0.0,0.04720136665981001,0.26874834591632024,0.20040185160103036,0.0,0.1538293161890707,0.7634228187919463,0.015495995070856439,0.928654970760234,0.0,0.0,0.4269662921348314,0.0,0.14540942928039702,1.0,1.0000000000000002,0.8522727272727273,1.0,1.0,0.0,0.2218889706298455,0.06560898218208445,0.10226995362460338,,1.0,0.590909090909091,0.03872377622377621,0.10360360360360361,0.1090408903338752,0.21737429074545098,0.03272516652186505,0.053179190751445095,0.0,0.0,0.034883720930232565
CsWO3,0.7377462139728875,0.23370446567257974,0.40370614859615217,0.11233455306113727,0.04414323349429394,0.0,0.0,0.0,0.0,0.7263573168901434,0.6026642625574874,0.36865411001621545,0.6666666666666666,0.8875000000000001,0.13461538461538464,0.0,0.3125,0.9375,0.0,0.3849703857674792,0.5039704526876663,0.20040185160103036,0.07846939865252853,0.9999999999999998,0.7634228187919463,0.24214417744916816,0.39181286549707595,0.0,0.701492537313433,0.696629213483146,0.0,0.10918114143920593,1.0,0.6770833333333333,0.4772727272727273,0.7226890756302522,0.5000000000000002,0.0,0.9702903061513214,0.06560898218208445,0.9135953136441299,,0.17191201353637908,0.4242424242424243,0.4310314685314685,0.10360360360360361,0.5310741528073027,0.03459205634905106,0.03272516652186505,0.002890173410404623,0.0,1.0,0.5
InBO3,0.361614844502436,0.2361009092075279,0.5339484232221765,0.4171759683657281,0.07799505004267049,0.4249089134898429,0.8290485842537239,0.5772077171796248,0.3463308091247287,0.7437492826382386,0.4267854414431411,0.08815641761257331,0.5897435897435898,0.024999999999999994,0.13461538461538464,0.9999999999999999,0.75,0.9375,0.37107579243967803,0.45254816935507336,0.5039704526876663,0.1350851215115081,0.21861510387726965,0.9999999999999998,0.4848993288590604,0.08225508317929758,0.39181286549707595,0.891891891891892,0.5422885572139303,0.696629213483146,1.0000000000000002,0.6853598014888338,0.11764705882352922,0.4062499999999998,0.4772727272727273,0.0672268907563025,0.11538461538461542,0.04059023060039717,0.589440325957784,0.3307298022943617,0.09397119843788138,,0.0,0.4242424242424243,0.4125874125874126,0.3108108108108108,0.08403151181693136,0.03459205634905106,0.030118737329858106,0.26127167630057807,0.3333333333333333,0.5,0.8604651162790697
InGaO3,0.4747792169450944,0.27743222527127864,0.30387035729578393,0.6628477251955225,0.47778396917315114,0.0,0.34886332808603776,0.8671143065080331,0.8675375572395686,0.8052628270366196,0.24309183900413955,0.36865411001621545,0.5897435897435898,0.35,0.13461538461538464,0.9999999999999999,0.75,0.9375,0.37107579243967803,0.09460827417156514,0.5039704526876663,0.1350851215115081,0.1468049014160369,0.9999999999999998,0.4848993288590604,0.08903265557609365,0.39181286549707595,0.891891891891892,0.427860696517413,0.696629213483146,1.0000000000000002,0.5389578163771711,0.11764705882352922,0.35416666666666674,0.4772727272727273,0.38655462184873945,0.4615384615384617,0.04059023060039717,0.010500254654518704,0.3307298022943617,0.2620942152794728,,0.25076142131979706,0.4242424242424243,0.022596153846153846,0.3108108108108108,0.09028385644616732,0.03459205634905106,0.030118737329858106,0.07254335260115607,0.3333333333333333,0.5,0.8023255813953488
KCaBr3,0.1470461883345083,0.7785790263904813,0.7562877092419951,0.6112064366607757,0.8875963038542403,0.19897525068231073,0.3840934649359553,0.012745235740084812,0.29448752256364086,0.9360486007929298,0.19780478187100015,0.6114522583387852,0.20512820512820512,0.2125,0.6538461538461539,0.0,0.0625,1.0,0.08760112668544473,0.11233757406672373,0.26874834591632024,0.3294855565155615,0.013026177102889835,0.1538293161890707,0.8120805369127516,0.007301293900184843,0.928654970760234,0.027027027027026862,0.02487562189054726,0.4269662921348314,0.07522567703109329,0.18064516129032254,0.5999999999999999,0.8124999999999998,0.8522727272727273,0.8403361344537814,0.8461538461538463,0.011066031969240608,0.2402806858695037,0.015670002440810352,0.04954845008542837,,0.7380710659898478,0.590909090909091,0.048426573426573416,0.3918918918918919,0.6248593222458423,0.21737429074545098,0.1818708369533739,0.1517341040462428,0.0,0.0,0.046511627906976744
KMgF3,0.1332283192234747,0.22380990206752882,0.39614872166778703,0.10506472468788353,0.033098708301217084,0.0,0.0,0.0,0.0,0.8540481581827639,0.4693004049230656,0.47798428339777965,0.20512820512820512,0.11250000000000002,0.15384615384615385,0.0,0.0625,1.0,0.08760112668544473,0.35105692376038233,1.0000000000000002,0.3294855565155615,0.06199003558278224,0.990600257664261,0.8120805369127516,0.0,0.9385964912280701,0.027027027027026862,0.17910447761194037,1.0000000000000002,0.07522567703109329,0.3091811414392059,0.5999999999999999,0.20833333333333326,0.4204545454545454,0.546218487394958,0.6153846153846154,0.011066031969240608,0.18595438854620563,0.015670002440810352,0.05872589699780327,,0.3252115059221659,0.0,0.0479020979020979,0.3918918918918919,0.4998124296611229,0.036783408334963796,0.1818708369533739,0.26040462427745664,0.0,0.0,0.7093023255813953
KMgH3,0.0,0.21124885166954233,0.38655464310955323,0.09583574964399744,0.01907779306840629,0.0,0.0,0.0,0.0,0.9757119145361689,0.46678623451505086,0.47098953186018166,0.20512820512820512,0.11250000000000002,0.0,0.0,0.0625,0.0,0.08760112668544473,0.35105692376038233,0.5014142659909968,0.3294855565155615,0.06199003558278224,,0.8120805369127516,0.0,0.19239766081871343,0.027027027027026862,0.17910447761194037,0.0,0.07522567703109329,0.3091811414392059,0.5999999999999999,0.20833333333333326,0.0,0.546218487394958,0.6153846153846154,0.011066031969240608,0.18595438854620563,0.015670002440810352,0.05872589699780327,,0.3252115059221659,0.015151515151515138,0.0479020979020979,0.3918918918918919,0.4998124296611229,0.33574642927020154,0.1818708369533739,0.26040462427745664,0.0,0.0,0.7093023255813953
KNbO3,0.2820708789097335,0.2139563192626548,0.40013399190823007,0.5512707271770583,0.21310994890844115,0.04757304912435874,0.06625865617303395,0.7578630597478939,0.5646827169485883,0.7010240468673569,0.501515696593517,0.3846825495821379,0.20512820512820512,0.4750000000000001,0.13461538461538464,0.0,0.25,0.9375,0.08760112668544473,0.21287975034883544,0.5039704526876663,0.3294855565155615,0.04596663978740104,0.9999999999999998,0.8120805369127516,0.2652495378927911,0.39181286549707595,0.027027027027026862,0.3233830845771145,0.696629213483146,0.07522567703109329,0.3672456575682382,0.5999999999999999,0.6770833333333333,0.4772727272727273,0.7394957983193278,0.5769230769230769,0.011066031969240608,0.7029030615132138,0.015670002440810352,0.3922382230900659,,0.21793570219966163,0.4242424242424243,0.23601398601398596,0.3918918918918919,0.16843816431161687,0.03459205634905106,0.1818708369533739,0.04132947976878613,0.0,1.0,0.4767441860465116
KSbO3,0.2661695973986177,0.5077878685828505,0.5781914895480538,0.110989749941381,0.3893072316217081,0.41014580443529347,0.6269902438045288,0.0059696960420323785,0.7604833243118919,0.8170537244610654,0.5242574979771046,0.3526256704502931,0.20512820512820512,0.6000000000000001,0.13461538461538464,0.0,0.875,0.9375,0.08760112668544473,0.500876740732482,0.5039704526876663,0.3294855565155615,0.0866724758899178,0.9999999999999998,0.8120805369127516,0.31792975970425136,0.39181286549707595,0.027027027027026862,0.5472636815920399,0.696629213483146,0.07522567703109329,0.6521091811414392,0.5999999999999999,0.5520833333333333,0.4772727272727273,0.5294117647058822,0.5769230769230769,0.011066031969240608,0.1805160998245713,0.015670002440810352,0.3008054674151818,,0.46700507614213216,0.4242424242424243,0.14676573426573425,0.3918918918918919,0.07465299487307742,0.03459205634905106,0.1818708369533739,0.024566473988439308,0.0,0.5,0.8837209302325582
KTaO3,0.5229567469082113,0.21338545915923346,0.3881865751100406,0.09740557832680441,0.021462720407249725,0.0,0.0,0.0,0.0,0.6925548048829003,0.501515696593517,0.3846825495821379,0.20512820512820512,0.8750000000000001,0.13461538461538464,0.0,0.25,0.9375,0.08760112668544473,0.33600494917457435,0.5039704526876663,0.3294855565155615,,0.9999999999999998,0.8120805369127516,0.09550215650030806,0.39181286549707595,0.027027027027026862,0.27363184079602,0.696629213483146,0.07522567703109329,0.0,0.5999999999999999,0.7187500000000002,0.4772727272727273,0.7899159663865547,0.5769230769230769,0.011066031969240608,0.8556957727349895,0.015670002440810352,0.7866731754942641,,0.21861252115059226,0.4242424242424243,0.2934440559440559,0.3918918918918919,0.17781668125547082,0.03459205634905106,0.1818708369533739,0.005202312138728328,0.0,1.0,0.4651162790697674
KZnF3,0.21481639188976545,0.2540435729003565,0.4192410749251563,0.12727829638455845,0.0668461834320968,0.0,0.0,0.0,0.0,0.8988608274899486,0.4586688244215402,0.4948235000623675,0.20512820512820512,0.3375,0.15384615384615385,0.0,0.6875,1.0,0.08760112668544473,0.6232372341613256,1.0000000000000002,0.3294855565155615,0.10732550274803096,0.990600257664261,0.8120805369127516,0.0,0.9385964912280701,0.027027027027026862,0.34825870646766166,1.0000000000000002,0.07522567703109329,0.45657568238213403,0.5999999999999999,0.4999999999999998,0.4204545454545454,0.38655462184873945,0.5000000000000002,0.011066031969240608,0.120785467715466,0.015670002440810352,0.32243104710763976,,0.16142131979695434,0.0,0.03555944055944055,0.3918918918918919,0.37476553707640364,0.036783408334963796,0.1818708369533739,0.07687861271676302,0.0,1.0,0.7441860465116279
LaAlO3,0.4774003237317328,0.13236027719094468,0.6377788390357741,0.6700623292025594,0.42022801462719306,0.007699865484433811,0.8399745573637718,0.7567347534297081,0.9586240817965668,0.6820427079087007,0.4536670356556982,0.3005332418610453,0.6923076923076923,0.125,0.13461538461538464,0.16666666666666669,0.75,0.9375,0.33000451968317124,0.09250101330082883,0.5039704526876663,0.01607604465647519,0.12070054279607309,0.9999999999999998,0.8053691275167785,0.13093037584719655,0.39181286549707595,0.2792792792792793,0.32835820895522394,0.696629213483146,0.43229689067201615,0.46799007444168733,0.4117647058823528,0.32291666666666674,0.4772727272727273,0.37815126050420167,0.42307692307692313,0.2823231699399191,0.18891686944711675,0.27390773736880647,0.1056870881132536,,0.18984771573604065,0.4242424242424243,0.06739510489510489,0.0,0.7342753532574716,0.03459205634905106,0.01911381407471764,0.22398843930635842,1.0,0.5,0.7906976744186046
LaCoN3,0.335368975430295,0.25287959672787785,0.671306804299753,0.871931210103106,0.32817062332771796,0.5282156683556803,0.6720527598389074,0.8058668531838576,0.9467436185636983,0.6872023726682757,0.4384813558020517,0.2645241447540415,0.6923076923076923,0.30000000000000004,0.1153846153846154,0.16666666666666669,0.5,0.875,0.33000451968317124,0.38761438854477215,0.6233969240236183,0.01607604465647519,0.09369926280647398,0.654792430174236,0.8053691275167785,0.196241528034504,0.0,0.2792792792792793,0.4626865671641791,0.4719101123595506,0.43229689067201615,0.5806451612903225,0.4117647058823528,0.48958333333333326,0.5113636363636362,0.4201680672268908,0.5000000000000002,0.2823231699399191,0.42504668666176226,0.27390773736880647,0.4083475713937027,,0.07715736040609139,0.16115702479338834,0.11538461538461536,0.0,0.312242090784044,0.03312463314419878,0.01911381407471764,0.08641618497109826,1.0,1.0,0.6046511627906976
LaCrO3,0.4984607785439006,0.13001929808270907,0.47157413846774876,0.6833095265363753,0.2311737906726936,0.06497546805593116,0.6517941474095734,0.7138368429200823,0.6609137328202335,0.6534539510303652,0.4104786730496084,0.36464700012473483,0.6923076923076923,0.26250000000000007,0.13461538461538464,0.16666666666666669,0.3125,0.9375,0.33000451968317124,0.21407251014118323,0.5039704526876663,0.01607604465647519,0.08443907203075693,0.9999999999999998,0.8053691275167785,0.1980899568699938,0.39181286549707595,0.2792792792792793,0.3532338308457712,0.696629213483146,0.43229689067201615,0.4863523573200991,0.4117647058823528,0.5520833333333333,0.4772727272727273,0.5294117647058822,0.5384615384615383,0.2823231699399191,0.5416218663346727,0.27390773736880647,0.32243104710763976,,0.09610829103214893,0.4242424242424243,0.15734265734265732,0.0,0.2934850568963361,0.03459205634905106,0.01911381407471764,0.09450867052023121,1.0,1.0,0.5232558139534883
LaScO3,0.4114758264697693,0.17108602783825422,0.5137946119769585,0.7272285705747206,0.3036526653566711,0.059595510683339556,0.7082965975123487,0.6936577972863525,0.6515019427808038,0.6581268381382701,0.34733244240150385,0.4688318573032306,0.6923076923076923,0.225,0.13461538461538464,0.16666666666666669,0.125,0.9375,0.33000451968317124,0.18214827872772077,0.5039704526876663,0.01607604465647519,0.027390074895642963,0.9999999999999998,0.8053691275167785,0.05576093653727665,0.39181286549707595,0.2792792792792793,0.20398009950248763,0.696629213483146,0.43229689067201615,0.2580645161290322,0.4117647058823528,0.6458333333333333,0.4772727272727273,0.7899159663865547,0.6923076923076925,0.2823231699399191,0.4380623620621358,0.27390773736880647,0.11959970710275812,,0.3590524534686972,0.4242424242424243,0.097027972027972,0.0,0.049643616356133555,0.03459205634905106,0.01911381407471764,0.12890173410404623,1.0,1.0,0.08139534883720931
LiAsO3,0.2658368804251664,0.20164490626086362,0.4709320708609248,0.659057856660231,0.2671287431369995,0.3778390547494406,0.7506514060528064,0.7805449543821028,0.9080481905240184,0.8036515241972944,0.31825108407468283,0.24042659348883616,0.0,0.375,0.13461538461538464,0.0,0.875,0.9375,0.29369391450641824,0.6846505050310016,0.5039704526876663,1.0,0.11699600216065967,0.9999999999999998,1.0,0.24029574861367836,0.39181286549707595,0.1711711711711711,0.6119402985074628,0.696629213483146,0.25376128385155483,0.7647642679900744,0.05294117647058827,0.3333333333333335,0.4772727272727273,0.3613445378151261,0.34615384615384615,0.04817239446255002,0.23320694923886595,0.0,0.25345374664388576,,0.289678510998308,0.4242424242424243,0.1874125874125874,0.3243243243243243,0.15593347505314495,0.03459205634905106,1.0,0.05982658959537573,0.0,0.5,0.8953488372093024
LiNbO3,0.2873391928057729,0.16207257081922077,0.46335334999169353,0.6635539666922994,0.2605581547784608,0.36775353526848475,0.7573246473057589,0.6950694114110232,0.7929855619065713,0.6872152993062279,0.2345467238296619,0.3846825495821379,0.0,0.4750000000000001,0.13461538461538464,0.0,0.25,0.9375,0.29369391450641824,0.21287975034883544,0.5039704526876663,1.0,0.04596663978740104,0.9999999999999998,1.0,0.2652495378927911,0.39181286549707595,0.1711711711711711,0.3233830845771145,0.696629213483146,0.25376128385155483,0.3672456575682382,0.05294117647058827,0.6770833333333333,0.4772727272727273,0.7394957983193278,0.5769230769230769,0.04817239446255002,0.7029030615132138,0.0,0.3922382230900659,,0.21793570219966163,0.4242424242424243,0.23601398601398596,0.3243243243243243,0.16843816431161687,0.03459205634905106,1.0,0.04132947976878613,0.0,1.0,0.4767441860465116
LiSbO3,0.32127651489106024,0.21758647339134662,0.48885705682345537,0.6873783656065331,0.23119365404748193,0.0020766956474781457,0.7164722588906235,0.7386348410957563,0.5779587003563775,0.8021831556270574,0.2518122385924525,0.3526256704502931,0.0,0.6000000000000001,0.13461538461538464,0.0,0.875,0.9375,0.29369391450641824,0.500876740732482,0.5039704526876663,1.0,0.0866724758899178,0.9999999999999998,1.0,0.31792975970425136,0.39181286549707595,0.1711711711711711,0.5472636815920399,0.696629213483146,0.25376128385155483,0.6521091811414392,0.05294117647058827,0.5520833333333333,0.4772727272727273,0.5294117647058822,0.5769230769230769,0.04817239446255002,0.1805160998245713,0.0,0.3008054674151818,,0.46700507614213216,0.4242424242424243,0.14676573426573425,0.3243243243243243,0.07465299487307742,0.03459205634905106,1.0,0.024566473988439308,0.0,0.5,0.8837209302325582
LiTaO3,0.5651002757291075,0.15743631915410616,0.46245251401539167,0.6549773625594331,0.2527027252273377,0.3741789057426557,0.7599438467862624,0.6860916092590048,0.7847860721704533,0.6794255681637773,0.2345467238296619,0.3846825495821379,0.0,0.8750000000000001,0.13461538461538464,0.0,0.25,0.9375,0.29369391450641824,0.33600494917457435,0.5039704526876663,1.0,,0.9999999999999998,1.0,0.09550215650030806,0.39181286549707595,0.1711711711711711,0.27363184079602,0.696629213483146,0.25376128385155483,0.0,0.05294117647058827,0.7187500000000002,0.4772727272727273,0.7899159663865547,0.5769230769230769,0.04817239446255002,0.8556957727349895,0.0,0.7866731754942641,,0.21861252115059226,0.4242424242424243,0.2934440559440559,0.3243243243243243,0.17781668125547082,0.03459205634905106,1.0,0.005202312138728328,0.0,1.0,0.4651162790697674
MgCO3,0.12267014162955633,0.17268878025197187,0.4818743642697685,0.35596811984724286,0.0,0.41821862441620794,0.7913467832210743,0.5679068620041876,0.3627606320495542,0.7266009902557896,0.4874453119914486,0.0,0.11538461538461539,0.037500000000000006,0.13461538461538464,0.08333333333333333,0.8125,0.9375,0.7357632431128754,0.9138129836730492,0.5039704526876663,0.07665651423597691,0.20667420937039063,0.9999999999999998,0.0,0.47412199630314233,0.39181286549707595,0.46846846846846846,0.7960199004975125,0.696629213483146,0.6359077231695087,0.9300248138957816,0.0,0.17708333333333326,0.4772727272727273,0.0,0.0,0.19681004367503746,1.0,0.05872589699780327,0.08454967049060289,,0.03045685279187818,0.4242424242424243,1.0,0.6621621621621622,0.43728898336876326,0.03459205634905106,0.25890529973935705,0.16965317919075143,0.0,0.5,0.9651162790697674
MgSiO3,0.23254708344387018,0.0,0.5379862760879763,0.8059579278172573,0.3760694197401433,0.0791357601993404,0.7665011184696982,0.760951555164225,0.9984154554650813,0.7408056139313279,0.33732977834374644,0.19234127479106894,0.11538461538461539,0.1375,0.13461538461538464,0.08333333333333333,0.8125,0.9375,0.7357632431128754,0.4297611630871675,0.5039704526876663,0.07665651423597691,0.08227438829033942,0.9999999999999998,0.0,0.4115834873690696,0.39181286549707595,0.46846846846846846,0.4726368159203981,0.696629213483146,0.6359077231695087,0.6183622828784119,0.0,0.5937500000000002,0.4772727272727273,0.2941176470588235,0.3076923076923078,0.19681004367503746,0.4021277799784958,0.05872589699780327,0.0876250915303881,,0.25956006768189516,0.4242424242424243,0.4126748251748252,0.6621621621621622,0.46855070651494307,0.03459205634905106,0.25890529973935705,0.17052023121387283,0.0,0.5,0.8488372093023255
MgTiO3,0.21306299992227187,0.20659107536061772,0.4551625203214933,0.6478896182943965,0.24582107141248044,0.3450787215785594,0.7611649985345738,0.6915659701148016,0.8081252041524656,0.7064470383896195,0.23829255873452582,0.35663278034177365,0.11538461538461539,0.23750000000000002,0.13461538461538464,0.08333333333333333,0.1875,0.9375,0.7357632431128754,0.22366597369295083,0.5039704526876663,0.07665651423597691,0.039396439245378834,0.9999999999999998,0.0,0.02341343191620456,0.39181286549707595,0.46846846846846846,0.2935323383084577,0.696629213483146,0.6359077231695087,0.3523573200992555,0.0,0.6041666666666663,0.4772727272727273,0.7058823529411764,0.5384615384615383,0.19681004367503746,0.47399694414577564,0.05872589699780327,0.19389797412741033,,0.2115059221658207,0.4242424242424243,0.09746503496503495,0.6621621621621622,0.06840065024384144,0.03459205634905106,0.25890529973935705,0.1161849710982659,0.0,1.0,0.4534883720930232
NaBiO3,0.46076780862342404,0.40435597125926703,0.6327762537405468,0.874425576567494,0.24543089710950716,0.41883163905442566,0.8378072338491915,0.8463480809035295,0.2991596545449882,0.8418853751978159,0.35103812196365314,0.4808531869776723,0.10256410256410256,1.0,0.13461538461538464,0.0,0.875,0.9375,0.24415524572468372,0.2948858788919043,0.5039704526876663,0.5680186701935839,0.08780233369808652,0.9999999999999998,0.8859060402684563,0.2809611829944547,0.39181286549707595,0.12612612612612617,0.5323383084577115,0.696629213483146,0.2106318956870612,,0.31764705882352917,0.5624999999999998,0.4772727272727273,0.6050420168067228,0.6923076923076925,0.021942034769003707,0.07882972101182728,0.021137417622650725,0.4513058335367342,,0.5725888324873097,0.4242424242424243,0.07085664335664334,0.5720720720720721,0.024634237839189697,0.03459205634905106,0.3182739646684043,0.0,0.0,0.5,0.872093023255814
NaCdF3,0.26714258983602635,0.31948132578066124,0.5870377110694829,0.8346153124417617,0.2084638196470574,0.4886101744265244,0.8631849746168301,0.7217791203971926,0.13358281980714096,0.9119983064249035,0.27598896183389454,0.6716352750405389,0.10256410256410256,0.5625000000000001,0.15384615384615385,0.0,0.6875,1.0,0.24415524572468372,0.5608931123727651,1.0000000000000002,0.5680186701935839,0.09098002008980052,0.990600257664261,0.8859060402684563,0.0,0.9385964912280701,0.12612612612612617,0.3681592039800995,1.0000000000000002,0.2106318956870612,0.4218362282878411,0.31764705882352917,0.6770833333333333,0.4204545454545454,0.5714285714285714,0.653846153846154,0.021942034769003707,0.09292626336936224,0.021137417622650725,0.3961435196485233,,0.2913705583756346,0.0,0.028059440559440558,0.5720720720720721,0.3028635738401901,0.036783408334963796,0.3182739646684043,0.03150289017341041,0.0,1.0,0.7325581395348837
NaCoF3,0.22915634978374647,0.1457972812669701,0.6270604094373002,1.0,0.3069477812382839,0.16682898615053465,0.7871353665362633,0.8148997219399977,0.7243491253906637,0.8595348122122834,0.3651726549134545,0.49903330422851444,0.10256410256410256,0.30000000000000004,0.15384615384615385,0.0,0.5,1.0,0.24415524572468372,0.38761438854477215,1.0000000000000002,0.5680186701935839,0.09369926280647398,0.990600257664261,0.8859060402684563,0.196241528034504,0.9385964912280701,0.12612612612612617,0.4626865671641791,1.0000000000000002,0.2106318956870612,0.5806451612903225,0.31764705882352917,0.48958333333333326,0.4204545454545454,0.4201680672268908,0.5000000000000002,0.021942034769003707,0.42504668666176226,0.021137417622650725,0.4083475713937027,,0.07715736040609139,0.0,0.11538461538461536,0.5720720720720721,0.312242090784044,0.036783408334963796,0.3182739646684043,0.08641618497109826,0.0,1.0,0.6046511627906976
NaMgF3,0.1606488949298174,0.1008283934421117,0.5838560826979748,0.9414256010417732,0.4020190233030605,0.1352793222362619,0.761526931381563,0.8031632321645001,0.9310735302692235,0.8555736864558745,0.3772963428906345,0.47798428339777965,0.10256410256410256,0.11250000000000002,0.15384615384615385,0.0,0.0625,1.0,0.24415524572468372,0.35105692376038233,1.0000000000000002,0.5680186701935839,0.06199003558278224,0.990600257664261,0.8859060402684563,0.0,0.9385964912280701,0.12612612612612617,0.17910447761194037,1.0000000000000002,0.2106318956870612,0.3091811414392059,0.31764705882352917,0.20833333333333326,0.4204545454545454,0.546218487394958,0.6153846153846154,0.021942034769003707,0.18595438854620563,0.021137417622650725,0.05872589699780327,,0.3252115059221659,0.0,0.0479020979020979,0.5720720720720721,0.4998124296611229,0.036783408334963796,0.3182739646684043,0.26040462427745664,0.0,0.0,0.7093023255813953
NaMnF3,0.17903304699687142,0.1412728580267144,0.49843825858755264,0.6944677374837218,0.2912902410317444,0.06316186235933512,0.7455214230246378,0.6417969085545653,0.6266267533151612,0.8155672228193183,0.3260959736177401,0.5705999750530124,0.10256410256410256,0.275,0.15384615384615385,0.0,0.375,1.0,0.24415524572468372,0.31801233899105286,1.0000000000000002,0.5680186701935839,0.07134974671064345,0.990600257664261,0.8859060402684563,0.0,0.9385964912280701,0.12612612612612617,0.29850746268656725,1.0000000000000002,0.2106318956870612,0.5359801488833746,0.31764705882352917,0.5416666666666663,0.4204545454545454,0.5294117647058822,0.5384615384615383,0.021942034769003707,0.3545922698206101,0.021137417622650725,0.33854039541127656,,0.10016920473773266,0.0,0.08662587412587411,0.5720720720720721,0.0240090033762661,0.036783408334963796,0.3182739646684043,0.10317919075144508,0.0,1.0,0.5581395348837209
NaNbO3,0.28177116673007574,0.18993091517737581,0.5188960885211511,0.7189341513180512,0.3159163991268428,0.13170894638725733,0.7155982784444493,0.759659273729531,0.8012779452847464,0.6970071924756669,0.40881813660606725,0.3846825495821379,0.10256410256410256,0.4750000000000001,0.13461538461538464,0.0,0.25,0.9375,0.24415524572468372,0.21287975034883544,0.5039704526876663,0.5680186701935839,0.04596663978740104,0.9999999999999998,0.8859060402684563,0.2652495378927911,0.39181286549707595,0.12612612612612617,0.3233830845771145,0.696629213483146,0.2106318956870612,0.3672456575682382,0.31764705882352917,0.6770833333333333,0.4772727272727273,0.7394957983193278,0.5769230769230769,0.021942034769003707,0.7029030615132138,0.021137417622650725,0.3922382230900659,,0.21793570219966163,0.4242424242424243,0.23601398601398596,0.5720720720720721,0.16843816431161687,0.03459205634905106,0.3182739646684043,0.04132947976878613,0.0,1.0,0.4767441860465116
NaSbO3,0.31425482345999123,0.35376387657984276,0.602731839690132,0.8386257703420885,0.2004116420732045,0.40889191592991064,0.7958730202576203,0.8909225391456445,0.40254853649373734,0.8117628936357308,0.42965844957965627,0.3526256704502931,0.10256410256410256,0.6000000000000001,0.13461538461538464,0.0,0.875,0.9375,0.24415524572468372,0.500876740732482,0.5039704526876663,0.5680186701935839,0.0866724758899178,0.9999999999999998,0.8859060402684563,0.31792975970425136,0.39181286549707595,0.12612612612612617,0.5472636815920399,0.696629213483146,0.2106318956870612,0.6521091811414392,0.31764705882352917,0.5520833333333333,0.4772727272727273,0.5294117647058822,0.5769230769230769,0.021942034769003707,0.1805160998245713,0.021137417622650725,0.3008054674151818,,0.46700507614213216,0.4242424242424243,0.14676573426573425,0.5720720720720721,0.07465299487307742,0.03459205634905106,0.3182739646684043,0.024566473988439308,0.0,0.5,0.8837209302325582
RbAuBr3,0.31123565401693165,0.7499387624507678,0.7604195014132362,0.6080087560990866,0.880373899442306,0.17614857539590878,0.07883614298958597,0.3103418786692562,0.5080658621328612,0.9854610158797115,0.277338574648624,0.4844922969811599,0.4358974358974359,0.9500000000000001,0.6538461538461539,0.0,0.625,1.0,0.05553484714941315,0.5969733175274491,0.26874834591632024,0.2633558600387561,0.14192716596063457,0.1538293161890707,0.7869127516778524,0.6863832409118915,0.928654970760234,0.027027027027026862,0.7910447761194032,0.4269662921348314,0.04714142427281842,,0.7647058823529409,0.6354166666666667,0.8522727272727273,0.5042016806722689,0.5000000000000002,0.003442695120367642,0.30318884047309147,0.04866975835977544,0.9160361239931658,,0.19695431472081226,0.590909090909091,0.08347902097902098,0.2027027027027027,1.0,0.21737429074545098,0.0677671589921807,0.002023121387283236,0.0,1.0,0.6744186046511628
RbAuI3,0.33475984129800407,0.8777889631716167,0.8533949908926457,0.7205457674156053,0.9367161392667547,0.25755702295725913,0.10243264417708138,0.32336191832431094,0.42549514237220837,1.0,0.26670801624343443,0.4176501355075011,0.4358974358974359,0.9500000000000001,1.0000000000000002,0.0,0.625,1.0,0.05553484714941315,0.5969733175274491,0.09111246986797328,0.2633558600387561,0.14192716596063457,0.0,0.7869127516778524,0.6863832409118915,0.842690058479532,0.027027027027026862,0.7910447761194032,0.2584269662921348,0.04714142427281842,,0.7647058823529409,0.6354166666666667,0.9999999999999998,0.5042016806722689,0.5000000000000002,0.003442695120367642,0.30318884047309147,0.04866975835977544,0.9160361239931658,1.0,0.19695431472081226,1.0,0.08347902097902098,0.2027027027027027,1.0,0.8610839366073176,0.0677671589921807,0.002023121387283236,0.0,1.0,0.6744186046511628
RbBiO3,0.5350972220353292,0.3353467681844189,0.4813401206160912,0.18701415735881688,0.15759856266124306,0.0,0.0,0.0,0.0,0.8560674366778711,0.40188130360923346,0.5890451540476487,0.4358974358974359,1.0,0.13461538461538464,0.0,0.875,0.9375,0.05553484714941315,0.2948858788919043,0.5039704526876663,0.2633558600387561,0.08780233369808652,0.9999999999999998,0.7869127516778524,0.2809611829944547,0.39181286549707595,0.027027027027026862,0.5323383084577115,0.696629213483146,0.04714142427281842,,0.7647058823529409,0.5624999999999998,0.4772727272727273,0.6050420168067228,0.6923076923076925,0.003442695120367642,0.07882972101182728,0.04866975835977544,0.4513058335367342,,0.5725888324873097,0.4242424242424243,0.07085664335664334,0.2027027027027027,0.024634237839189697,0.03459205634905106,0.0677671589921807,0.0,0.0,0.5,0.872093023255814
RbBrO3,0.19493606227946988,0.43305942362299343,0.6006398716933328,0.7401878463567242,0.43923676498044406,0.114979780442217,0.24793041051402429,0.8566568414367928,0.7595548982501169,0.9040033141839777,0.6947315072616105,0.1843270550081077,0.4358974358974359,0.4,0.13461538461538464,0.0,1.0,0.9375,0.05553484714941315,0.9999999999999999,0.5039704526876663,0.2633558600387561,0.16345637433272617,0.9999999999999998,0.7869127516778524,1.0,0.39181286549707595,0.027027027027026862,1.0,0.696629213483146,0.04714142427281842,1.0,0.7647058823529409,0.3333333333333335,0.4772727272727273,0.3697478991596639,0.34615384615384615,0.003442695120367642,0.0,0.04866975835977544,,,0.520812182741117,0.4242424242424243,0.019973776223776222,0.2027027027027027,0.0,0.03459205634905106,0.0677671589921807,0.10173410404624278,0.0,0.5,1.0
RbCaH3,0.05944760368426,0.4113103572317376,0.539360797055872,0.24282685178714902,0.24239075830303913,0.0,0.0,0.0,0.0,0.9658409947894591,0.36171165481766254,0.7040183840108998,0.4358974358974359,0.2125,0.0,0.0,0.0625,0.0,0.05553484714941315,0.11233757406672373,0.5014142659909968,0.2633558600387561,0.013026177102889835,,0.7869127516778524,0.007301293900184843,0.19239766081871343,0.027027027027026862,0.02487562189054726,0.0,0.04714142427281842,0.18064516129032254,0.7647058823529409,0.8124999999999998,0.0,0.8403361344537814,0.8461538461538463,0.003442695120367642,0.2402806858695037,0.04866975835977544,0.04954845008542837,,0.7380710659898478,0.015151515151515138,0.048426573426573416,0.2027027027027027,0.6248593222458423,0.33574642927020154,0.0677671589921807,0.1517341040462428,0.0,0.0,0.046511627906976744
RbIO3,0.2722248235742829,0.4370745242795895,0.5830636585303957,0.7474491910789278,0.4352771572632719,0.027896021407617218,0.15323446546385125,0.8523315511840425,0.7263814187901855,0.886777361339297,0.3777523630241867,0.6331233628539352,0.4358974358974359,0.6250000000000001,0.13461538461538464,0.0,1.0,0.9375,0.05553484714941315,0.7878351269627398,0.5039704526876663,0.2633558600387561,0.12538635719912897,0.9999999999999998,0.7869127516778524,0.9094269870609981,0.39181286549707595,0.027027027027026862,0.8507462686567165,0.696629213483146,0.04714142427281842,0.838213399503722,0.7647058823529409,0.4687499999999998,0.4772727272727273,0.5294117647058822,0.5384615384615383,0.003442695120367642,0.034251032765548084,0.04866975835977544,0.21503539175006103,,0.7218274111675128,0.4242424242424243,0.041608391608391596,0.2027027027027027,0.001028510691509316,0.03459205634905106,0.0677671589921807,0.026589595375722544,0.0,0.5,0.9883720930232558
RbMgF3,0.22820068783624678,0.253078110373109,0.4185036586233375,0.12656894252580786,0.06576851334670653,0.0,0.0,0.0,0.0,0.8581000350259956,0.49874170477344415,0.47798428339777965,0.4358974358974359,0.11250000000000002,0.15384615384615385,0.0,0.0625,1.0,0.05553484714941315,0.35105692376038233,1.0000000000000002,0.2633558600387561,0.06199003558278224,0.990600257664261,0.7869127516778524,0.0,0.9385964912280701,0.027027027027026862,0.17910447761194037,1.0000000000000002,0.04714142427281842,0.3091811414392059,0.7647058823529409,0.20833333333333326,0.4204545454545454,0.546218487394958,0.6153846153846154,0.003442695120367642,0.18595438854620563,0.04866975835977544,0.05872589699780327,,0.3252115059221659,0.0,0.0479020979020979,0.2027027027027027,0.4998124296611229,0.036783408334963796,0.0677671589921807,0.26040462427745664,0.0,0.0,0.7093023255813953
RbPbBr3,0.298633780038963,0.8662826805624244,0.8154838622468905,0.6854789185566676,1.0,0.2244656276485149,0.38962413327508555,0.01800254477525126,0.2990755621866607,0.9573241568618769,0.2548754458738939,0.5286522835403339,0.4358974358974359,0.9875000000000002,0.6538461538461539,0.0,0.8125,1.0,0.05553484714941315,0.3153044939794435,0.26874834591632024,0.2633558600387561,0.06194685334600428,0.1538293161890707,0.7869127516778524,0.10813308687615526,0.928654970760234,0.027027027027026862,0.6865671641791046,0.4269662921348314,0.04714142427281842,,0.7647058823529409,0.5104166666666667,0.8522727272727273,0.588235294117647,0.8461538461538463,0.003442695120367642,0.09473431045215325,0.04866975835977544,0.5274591164266537,,0.4693739424703893,0.590909090909091,0.015506993006993004,0.2027027027027027,0.1090408903338752,0.21737429074545098,0.0677671589921807,0.0023121387283236983,0.0,0.5,0.813953488372093
RbPbCl3,0.23231328767834528,0.7692478002638163,0.748546216835696,0.6047599626641833,0.8746571354182926,0.2142501904557779,0.3910496024207019,0.018331661966925143,0.29107529803649085,0.9381341395117855,0.26108294533540266,0.5830898360321334,0.4358974358974359,0.9875000000000002,0.3076923076923077,0.0,0.8125,1.0,0.05553484714941315,0.3153044939794435,0.4191744639465167,0.2633558600387561,0.06194685334600428,0.2928304293987418,0.7869127516778524,0.10813308687615526,0.9999999999999999,0.027027027027026862,0.6865671641791046,0.5393258426966292,0.04714142427281842,,0.7647058823529409,0.5104166666666667,0.7386363636363635,0.588235294117647,0.8461538461538463,0.003442695120367642,0.09473431045215325,0.04866975835977544,0.5274591164266537,,0.4693739424703893,0.4263085399449036,0.015506993006993004,0.2027027027027027,0.1090408903338752,0.0,0.0677671589921807,0.0023121387283236983,0.0,0.5,0.813953488372093
RbReO3,0.6850362704224144,0.19638990156927782,0.37520543822318,0.08491843976076807,0.00249191265208637,0.0,0.0,0.0,0.0,0.7393833758080111,0.5665672899857459,0.33659723088437066,0.4358974358974359,0.9,0.13461538461538464,0.0,0.375,0.9375,0.05553484714941315,0.3802195892577499,0.5039704526876663,0.2633558600387561,,0.9999999999999998,0.7869127516778524,0.04467036352433764,0.39181286549707595,0.027027027027026862,0.4726368159203981,0.696629213483146,0.04714142427281842,,0.7647058823529409,0.6562500000000002,0.4772727272727273,0.6302521008403361,0.5000000000000002,0.003442695120367642,0.9035142323581009,0.04866975835977544,1.0000000000000002,,0.15126903553299492,0.4242424242424243,0.2716783216783217,0.2027027027027027,0.149681130423909,0.03459205634905106,0.0677671589921807,0.004335260115606941,0.0,1.0,0.5348837209302325
RbSbO3,0.45737526910064286,0.2393461041401872,0.4080152088212474,0.11647963161543728,0.05044055196864461,0.0,0.0,0.0,0.0,0.8332544469000902,0.5545291934642884,0.3526256704502931,0.4358974358974359,0.6000000000000001,0.13461538461538464,0.0,0.875,0.9375,0.05553484714941315,0.500876740732482,0.5039704526876663,0.2633558600387561,0.0866724758899178,0.9999999999999998,0.7869127516778524,0.31792975970425136,0.39181286549707595,0.027027027027026862,0.5472636815920399,0.696629213483146,0.04714142427281842,0.6521091811414392,0.7647058823529409,0.5520833333333333,0.4772727272727273,0.5294117647058822,0.5769230769230769,0.003442695120367642,0.1805160998245713,0.04866975835977544,0.3008054674151818,,0.46700507614213216,0.4242424242424243,0.14676573426573425,0.2027027027027027,0.07465299487307742,0.03459205634905106,0.0677671589921807,0.024566473988439308,0.0,0.5,0.8837209302325582
RbWO3,0.6644752608856336,0.20498895697824082,0.3817733613272396,0.09123641996591325,0.012090363669418291,0.0,0.0,0.0,0.0,0.7134403218034284,0.5427355252985961,0.36865411001621545,0.4358974358974359,0.8875000000000001,0.13461538461538464,0.0,0.3125,0.9375,0.05553484714941315,0.3849703857674792,0.5039704526876663,0.2633558600387561,0.07846939865252853,0.9999999999999998,0.7869127516778524,0.24214417744916816,0.39181286549707595,0.027027027027026862,0.701492537313433,0.696629213483146,0.04714142427281842,0.10918114143920593,0.7647058823529409,0.6770833333333333,0.4772727272727273,0.7226890756302522,0.5000000000000002,0.003442695120367642,0.9702903061513214,0.04866975835977544,0.9135953136441299,,0.17191201353637908,0.4242424242424243,0.4310314685314685,0.2027027027027027,0.5310741528073027,0.03459205634905106,0.0677671589921807,0.002890173410404623,0.0,1.0,0.5
ReTlO3,1.0,0.19826179458801851,0.03397483871001972,0.5524473779328094,0.004581359992004819,0.0,0.0,0.0,0.0,0.7436665182955593,0.5589209420323769,0.33659723088437066,0.923076923076923,0.975,0.13461538461538464,0.49999999999999994,0.75,0.9375,0.7724864041851679,0.11156430446766397,0.5039704526876663,,0.14546068017440053,0.9999999999999998,0.24328859060402686,0.05914972273567467,0.39181286549707595,0.9999999999999999,0.33333333333333337,0.696629213483146,,,0.2529411764705882,0.44791666666666674,0.4772727272727273,0.5798319327731092,0.9230769230769229,1.0,0.08805387357817893,1.0000000000000002,0.5523553819868197,,0.4341793570219967,0.4242424242424243,0.009982517482517484,0.15765765765765766,0.143428785794673,0.03459205634905106,0.002316825948450625,0.002023121387283236,0.6666666666666667,0.5,0.7674418604651162
ScBO3,0.17399334491344462,0.19361474911208854,0.496908159695727,0.3802189824046136,0.03750598766606217,0.41415114671887165,0.8204525920941473,0.5447669760509156,0.3011260270938775,0.6646410610581944,0.3470769839971426,0.08815641761257331,0.23076923076923075,0.024999999999999994,0.13461538461538464,0.16666666666666669,0.75,0.9375,0.5230646000962761,0.45254816935507336,0.5039704526876663,0.04259754949138561,0.21861510387726965,0.9999999999999998,0.30369127516778527,0.08225508317929758,0.39181286549707595,0.5135135135135137,0.5422885572139303,0.696629213483146,0.5325977933801405,0.6853598014888338,0.24705882352941155,0.4062499999999998,0.4772727272727273,0.0672268907563025,0.11538461538461542,0.479003360349147,0.589440325957784,0.11959970710275812,0.09397119843788138,,0.0,0.4242424242424243,0.4125874125874126,0.013513513513513514,0.08403151181693136,0.03459205634905106,0.1271358239212279,0.26127167630057807,0.6666666666666667,0.5,0.8604651162790697
SrWN3,0.5075116682489519,0.5509125058505475,0.5666136145802803,0.8553815017312028,0.381769919926612,1.0,0.5173616953284391,0.86076084660914,0.8040506522122738,0.6661625243446316,0.43160553678939007,0.3163970056780027,0.4487179487179487,0.8875000000000001,0.1153846153846154,0.08333333333333333,0.3125,0.875,0.35313235612750404,0.3849703857674792,0.6233969240236183,0.01563573864837023,0.07846939865252853,0.654792430174236,0.08439597315436242,0.24214417744916816,0.0,0.144144144144144,0.701492537313433,0.4719101123595506,0.30491474423269815,0.10918114143920593,0.44705882352941173,0.6770833333333333,0.5113636363636362,0.7226890756302522,0.5000000000000002,0.2370328845477781,0.9702903061513214,0.10226995362460338,0.9135953136441299,,0.17191201353637908,0.16115702479338834,0.4310314685314685,0.0990990990990991,0.5310741528073027,0.03312463314419878,0.051259774109470024,0.002890173410404623,0.0,1.0,0.5
TiCdO3,0.4011006518910232,0.29955087639598,0.5246392446832295,0.782728741970155,0.12607434061611356,0.33848864457924777,1.0,0.6210471362336834,0.31662882795024516,0.7556814112868115,0.06335448217631812,0.6331233628539352,0.24358974358974358,0.5625000000000001,0.13461538461538464,0.25,0.6875,0.9375,0.5753458636075307,0.5608931123727651,0.5039704526876663,0.05441618546603191,0.09098002008980052,0.9999999999999998,0.12751677852348992,0.0,0.39181286549707595,0.6756756756756758,0.3681592039800995,0.696629213483146,0.7231695085255767,0.4218362282878411,0.22352941176470575,0.6770833333333333,0.4772727272727273,0.5714285714285714,0.653846153846154,0.5192262012218877,0.09292626336936224,0.19389797412741033,0.3961435196485233,,0.2913705583756346,0.4242424242424243,0.028059440559440558,0.04054054054054054,0.3028635738401901,0.03459205634905106,0.11439328120474951,0.03150289017341041,0.6666666666666667,1.0,0.7325581395348837
TiPbO3,0.5714210492955011,0.18772540906900148,0.0,0.4365626177428712,0.04263107340385641,0.0,0.09518057659987221,0.11213529713587989,0.11648612811601489,0.7151711003576231,0.0,0.8254646376450042,0.24358974358974358,0.9875000000000002,0.13461538461538464,0.25,0.8125,0.9375,0.5753458636075307,0.3153044939794435,0.5039704526876663,0.05441618546603191,0.06194685334600428,0.9999999999999998,0.12751677852348992,0.10813308687615526,0.39181286549707595,0.6756756756756758,0.6865671641791046,0.696629213483146,0.7231695085255767,,0.22352941176470575,0.5104166666666667,0.4772727272727273,0.588235294117647,0.8461538461538463,0.5192262012218877,0.09473431045215325,0.19389797412741033,0.5274591164266537,,0.4693739424703893,0.4242424242424243,0.015506993006993004,0.04054054054054054,0.1090408903338752,0.03459205634905106,0.11439328120474951,0.0023121387283236983,0.6666666666666667,0.5,0.813953488372093
TlCrO3,0.7226236150461196,0.0953813739123257,0.4500716042362638,0.6443576242432534,0.20358459026477682,0.05185636569726999,0.6635479652461767,0.6759343237170056,0.6334440863088886,0.7666631535944801,0.6159568798910662,0.26446925283771977,0.9999999999999999,0.26250000000000007,0.13461538461538464,0.9999999999999999,0.3125,0.9375,0.4341815500846583,0.21407251014118323,0.5039704526876663,0.1588220336439497,0.08443907203075693,0.9999999999999998,0.3221476510067114,0.1980899568699938,0.39181286549707595,0.7477477477477478,0.3532338308457712,0.696629213483146,,0.4863523573200991,0.1352941176470588,0.5520833333333333,0.4772727272727273,0.5294117647058822,0.5384615384615383,0.08722655594300392,0.5416218663346727,0.5523553819868197,0.32243104710763976,,0.09610829103214893,0.4242424242424243,0.15734265734265732,0.14864864864864863,0.2934850568963361,0.03459205634905106,0.0,0.09450867052023121,0.3333333333333333,1.0,0.5232558139534883
TlIO3,0.48890296747201245,0.37138997325316825,0.3962387117850299,0.0,0.015565773834524066,0.0,4.234665225421242e-12,2.820945299942019e-12,2.21696337369179e-12,0.8934965825394375,0.3713360797415768,0.6331233628539352,0.9999999999999999,0.6250000000000001,0.13461538461538464,0.9999999999999999,1.0,0.9375,0.4341815500846583,0.7878351269627398,0.5039704526876663,0.1588220336439497,0.12538635719912897,0.9999999999999998,0.3221476510067114,0.9094269870609981,0.39181286549707595,0.7477477477477478,0.8507462686567165,0.696629213483146,,0.838213399503722,0.1352941176470588,0.4687499999999998,0.4772727272727273,0.5294117647058822,0.5384615384615383,0.08722655594300392,0.034251032765548084,0.5523553819868197,0.21503539175006103,,0.7218274111675128,0.4242424242424243,0.041608391608391596,0.14864864864864863,0.001028510691509316,0.03459205634905106,0.0,0.026589595375722544,0.3333333333333333,0.5,0.9883720930232558
YVO3,0.38846102936330673,0.060572765759091984,0.4389230821315,0.6260341741039426,0.26159039498588044,0.055899772966050774,0.6836621597261988,0.6365767167466904,0.7387098036665964,0.6540466314728499,0.29201921102188055,0.3846825495821379,0.46153846153846156,0.25,0.13461538461538464,0.16666666666666669,0.25,0.9375,0.4555752399794898,0.21090842672336263,0.5039704526876663,0.0338254044987695,0.05553173739628142,0.9999999999999998,0.4966442953020134,0.1558841651263093,0.39181286549707595,0.3873873873873873,0.3383084577114428,0.696629213483146,0.4623871614844537,0.4267990074441687,0.3470588235294114,0.5624999999999998,0.4772727272727273,0.6470588235294117,0.5000000000000002,0.4742526311122091,0.5424707147303492,0.1921894068830852,0.2721503539175006,,0.13299492385786804,0.4242424242424243,0.1617132867132867,0.018018018018018014,0.09653620107540328,0.03459205634905106,0.048942948161019406,0.1060693641618497,0.6666666666666667,1.0,0.4883720930232558
YWN3,0.6311091819221895,0.18378388419398872,0.3474951378657565,0.3889205856598412,0.14324870729644346,0.10929686803930944,0.489493694405926,0.5615004996746158,0.3609603464547684,0.6147988850537262,0.2921350829718652,0.3312178230848488,0.46153846153846156,0.8875000000000001,0.1153846153846154,0.16666666666666669,0.3125,0.875,0.4555752399794898,0.3849703857674792,0.6233969240236183,0.0338254044987695,0.07846939865252853,0.654792430174236,0.4966442953020134,0.24214417744916816,0.0,0.3873873873873873,0.701492537313433,0.4719101123595506,0.4623871614844537,0.10918114143920593,0.3470588235294114,0.6770833333333333,0.5113636363636362,0.7226890756302522,0.5000000000000002,0.4742526311122091,0.9702903061513214,0.1921894068830852,0.9135953136441299,,0.17191201353637908,0.16115702479338834,0.4310314685314685,0.018018018018018014,0.5310741528073027,0.03312463314419878,0.048942948161019406,0.002890173410404623,0.6666666666666667,1.0,0.5
