Name,mean_A2B,X_IEII,X_Z,mean_X2X,mean_A2X,X_Rvdw,A_Rvdw,X_EA,E_coh,X_Kappa,B_Kappa,A_IEI,A_ChiA,X_IEI,B_EA,X_MV,X_ChiP,std_A2X,A_Z,A_ChiP,A_Kappa,A_MP,B_ChiP,std_B2X,B_Z,B_MP,A_CvM,A_EA,B_Rho,B_IEI,B_Hf,density,A_B,OF,A_G,TF,X_Rho,B_MV,std_A2B,B_CvM
AlBiO3,-0.9303292421635466,0.5713558484042306,-0.36220405714056436,0.4748268634320361,-0.4149756705139152,-0.15893609704876788,-1.5179158956416772,-0.4490500668675767,-5.699699148339683,-0.36743055569971245,-1.0000545798004203,0.8492769934426458,2.8320957871252754,-0.13972707114795316,0.12185541883098232,0.3591888364420176,0.2842908198026446,1.685227819887046,-1.242015554113184,2.1891108443651186,3.0627026582967307,0.5387772185931886,0.2500902190218291,0.38606349872618695,1.4518059747588838,-0.8763832949270711,0.36787983521735285,0.29015973321177085,0.2123579609237968,-0.4754053470236032,-0.4267956449833793,1.6955820459480164,0.7257069527487126,-0.640492302331146,3.39240949459789,-0.18063213073678663,,1.1881006331686277,0.43157544051806046,-0.5890269308599383
BaHfO3,-0.36941974533282274,0.5713558484042306,-0.36220405714056436,-0.8470350827048564,-0.6060703447521631,-0.15893609704876788,-0.031411258697335666,-0.4490500668675767,-1.2151697631492056,-0.36743055569971245,-0.8316221362947711,0.17785060411310089,0.013949732969792905,-0.13972707114795316,-0.9428964174674724,0.3591888364420176,0.2842908198026446,-0.9990721113509434,0.9136522088279629,-0.35359503656714303,-0.9832997880948108,0.660890883587452,-1.1875541537982628,-1.1221536505463567,1.035788632594176,0.9718766467275072,-0.5535232849294756,-1.314734030181664,0.7939644081675696,-0.8006503814886471,0.3350026010745977,1.606949496457162,-0.45912072520836905,0.06358509297014818,-0.1197320998093373,0.31374990954118626,,-0.10291636454105674,-0.7205654257996832,-0.5522167188634416
BaLiF3,-0.6362155695713592,0.5426881507425069,-0.26625596253379236,-1.1182576087331668,-0.8771903804860146,-0.4466032410284384,-0.031411258697335666,1.4123489357201058,0.1282058644004702,-0.3555324224381685,-0.1354347031380878,0.17785060411310089,0.013949732969792905,2.1225636079289667,-0.2470717525180437,-1.653641031634246,1.5311297452315076,-0.9990721113509434,0.9136522088279629,-0.35359503656714303,-0.9832997880948108,0.660890883587452,-1.8265072083849705,-1.1221536505463567,-1.5737746955299001,-0.9618521261401046,-0.5535232849294756,-1.314734030181664,-1.3108577911353194,-1.8131610680110402,-0.8104874917924983,-0.05243567130494497,-0.45912072520836905,0.41942009453098034,-0.1197320998093373,0.20874138851933308,,-0.1718143491710526,-0.7205654257996832,5.200215501316378
BaLiH3,-0.676717434897744,,-1.0338407193879684,-1.1594314848762153,-0.9183486977344841,-2.5753401064779977,-0.031411258697335666,-1.127913232517202,0.9666994870546702,1.2677129011010397,-0.1354347031380878,0.17785060411310089,0.013949732969792905,-0.15138532289765091,-0.2470717525180437,-1.581754250631522,-2.5788207867377064,-0.9990721113509434,0.9136522088279629,-0.35359503656714303,-0.9832997880948108,0.660890883587452,-1.8265072083849705,-1.1221536505463567,-1.5737746955299001,-0.9618521261401046,-0.5535232849294756,-1.314734030181664,-1.3108577911353194,-1.8131610680110402,-0.8104874917924983,-0.7486825471219318,-0.45912072520836905,0.3823541994142509,-0.1197320998093373,0.19378207407208675,,-0.1718143491710526,-0.7205654257996832,5.200215501316378
BaSeO3,-0.25688388856087796,0.5713558484042306,-0.36220405714056436,-0.0025960969421910604,-0.7622682800387369,-0.15893609704876788,-0.031411258697335666,-0.4490500668675767,-0.2492460930936852,-0.36743055569971245,-1.084046224961904,0.17785060411310089,0.013949732969792905,-0.13972707114795316,1.3337111272496183,0.3591888364420176,0.2842908198026446,-0.699702008812623,0.9136522088279629,-0.35359503656714303,-0.9832997880948108,0.660890883587452,1.308356215681063,0.7913629763451508,-0.40136218579299643,-0.9238712134932368,-0.5535232849294756,-1.314734030181664,-0.6050215248485423,1.2671911889785528,-0.6358239197809452,-0.21587844107343424,-0.45912072520836905,-0.7813077813914052,-0.1197320998093373,1.1199337638935496,,0.3859312406908191,-0.44263954321744725,-0.2560618314370808
BaTiO3,-0.6427051781433981,0.5713558484042306,-0.36220405714056436,-0.3878756888972581,-0.8176196486047016,-0.15893609704876788,-0.031411258697335666,-0.4490500668675767,-0.7975872865209309,-0.36743055569971245,-0.8428509658618144,0.17785060411310089,0.013949732969792905,-0.13972707114795316,-0.8541670977759346,0.3591888364420176,0.2842908198026446,-0.834523486001273,0.9136522088279629,-0.35359503656714303,-0.9832997880948108,0.660890883587452,-0.7083393628582322,1.0282227202348933,-0.855199286336314,0.43952200407108555,-0.5535232849294756,-1.314734030181664,-0.6564269672111648,-0.7984958794902578,-0.2827100316491875,0.3121051714422525,-0.45912072520836905,-0.3588613442106287,-0.1197320998093373,0.6951923981733793,,-0.5622362620743624,-0.5035264563540335,0.08359603380332162
CaCO3,-0.08766893861560139,0.5713558484042306,-0.36220405714056436,-0.5492577999307504,0.5308315437243128,-0.15893609704876788,-0.6861811583037719,-0.4490500668675767,-0.7121023953675566,-0.36743055569971245,0.4821509230492926,0.9597716435019001,0.6029884574039308,-0.13972707114795316,0.85387230628617,0.3591888364420176,0.2842908198026446,1.5674970445947736,-0.8910928950297415,0.034873917464174606,2.41012161855616,0.8719696672089804,1.308356215681063,0.8382942173911012,-1.460315420394071,2.191110111501683,0.03548332722787656,-1.965685686227057,-1.0254916816094797,2.332369913041244,4.604556583579229,-1.3761867567595139,-0.45912072520836905,-2.1492295779767767,-0.1197320998093373,2.0168164798164576,,-1.4398653520040718,1.8955309578682187,0.39313645286477195
CaSnO3,-0.052343547942318304,0.5713558484042306,-0.36220405714056436,-0.5053382927496057,0.237680423593461,-0.15893609704876788,-0.6861811583037719,-0.4490500668675767,-0.2735563067076899,-0.36743055569971245,-0.3375536353448668,0.9597716435019001,0.6029884574039308,-0.13972707114795316,0.3098214776512138,0.3591888364420176,0.2842908198026446,1.3271812880185707,-0.8910928950297415,0.034873917464174606,2.41012161855616,0.8719696672089804,0.13028652128682133,1.1428420475399559,0.2037539482647604,-0.9134314091735322,0.03548332722787656,-1.965685686227057,-0.19460179111363068,-0.4341378038282253,-0.6140501411561988,-0.10522660933700967,-0.45912072520836905,-0.016880895064285566,-0.1197320998093373,-0.27079924955825574,,0.36460567401962946,1.1724990543518627,-0.41334182814938536
CaTcN3,0.5423399948163858,-0.48147154715918444,-0.45815215174733637,0.3654899736611833,-0.17631021722544396,0.01366418933903443,-0.6861811583037719,-1.782886785299392,-0.8433022113570441,-0.3753980556516392,-0.5172149084175593,0.9597716435019001,0.6029884574039308,0.4049529673745289,-0.32412616172385295,-0.8890270882416395,-0.6392935694039202,0.6199460566395295,-0.8910928950297415,0.034873917464174606,2.41012161855616,0.8719696672089804,0.010482823551813568,1.205352304461182,-0.060984360385508196,0.9002678806356699,0.03548332722787656,-1.965685686227057,0.4957469380510742,-0.47929051456168204,0.6232684963456975,-0.476175136229241,-0.45912072520836905,-0.709659983826498,-0.1197320998093373,0.06288647537213483,,-0.8919623313750569,3.954205365751095,
CaWN3,-0.09776162614225656,-0.48147154715918444,-0.45815215174733637,-0.2949859307202157,0.2043854051414731,0.01366418933903443,-0.6861811583037719,-1.782886785299392,-1.0377487872646376,-0.3753980556516392,0.819015810060591,0.9597716435019001,0.6029884574039308,0.4049529673745289,-0.02524845328919903,-0.8890270882416395,-0.6392935694039202,0.93272411084275,-0.8910928950297415,0.034873917464174606,2.41012161855616,0.8719696672089804,0.9289778395202055,1.0689098107441468,1.1114281493513956,2.0921769478221712,0.03548332722787656,-1.965685686227057,1.772644945455958,-0.06673516960453436,1.5235669081776053,0.43304743049374445,-0.45912072520836905,-0.5608530196532306,-0.1197320998093373,-0.07014716395993628,,-0.7541663621150652,0.662083607396017,-0.5722950163160762
CdSnO3,-0.09536973534963208,0.5713558484042306,-0.36220405714056436,-0.5631132918774263,0.1659332448594982,-0.15893609704876788,-0.9162354473546817,-0.4490500668675767,0.15943552248317877,-0.36743055569971245,-0.3375536353448668,3.458339203785849,2.4740526409006036,-0.13972707114795316,0.3098214776512138,0.3591888364420176,0.2842908198026446,1.3150272435727761,0.5125977413040287,2.471633720024258,0.4896688444624787,-0.08390519309032034,0.13028652128682133,1.0939201720949867,0.2037539482647604,-0.9134314091735322,-0.5176244620666121,-2.098911543293342,-0.19460179111363068,-0.4341378038282253,-0.6140501411561988,0.9021263491399135,1.910534630705794,-0.016880895064285566,3.073123895106324,-0.3434856439895354,,0.36460567401962946,1.1500190450864771,-0.41334182814938536
CsAuBr3,2.1085680533882223,-2.0093282243361874,2.22839449724228,1.677839516402616,1.9793199007878086,1.7396670532170564,1.2958250242886833,1.378505317491239,1.2285792383398288,0.6250012383122826,2.503340245117083,-0.9651200656890332,-0.8407339064052304,-1.212527638261307,1.6582736387528754,1.1499434274719789,-0.8240104472452334,-0.9201578051016533,0.8635204003874712,-0.7067486311410681,-0.6476866819425169,-0.6210181013613454,1.288388932725229,-0.38215912067042784,1.3005269412444447,-0.12926830943759074,-0.5029990157150751,0.45880005861213174,1.7808829971166347,0.8950203945944912,-0.35844491382221866,-0.03132441968660232,-0.45912072520836905,0.28301912666609114,-0.4390176993009034,-0.6059774440746987,,-0.6327746749098343,-0.7205654257996832,-0.5773145906792347
CsAuCl3,1.7352216684911266,-1.5853972541236352,0.5013287943203837,1.436259070187695,1.6078083385631174,1.1643327652577153,1.2958250242886833,1.6213830483101663,1.1182305072220173,-0.5552510878997988,2.503340245117083,-0.9651200656890332,-0.8407339064052304,-0.5264644661108842,1.6582736387528754,0.3689915793060257,-0.36221825264195046,-0.9288767274016096,0.8635204003874712,-0.7067486311410681,-0.6476866819425169,-0.6210181013613454,1.288388932725229,-0.31350515773155463,1.3005269412444447,-0.12926830943759074,-0.5029990157150751,0.45880005861213174,1.7808829971166347,0.8950203945944912,-0.35844491382221866,-0.4043882979282089,-0.45912072520836905,0.5379343152504835,-0.4390176993009034,-0.5422945493061394,,-0.6327746749098343,-0.7205654257996813,-0.5773145906792347
CsAuI3,2.711774493495292,-2.4784828213990036,3.955460200164176,2.1888257548033305,2.5878853363608507,2.4876016275641986,1.2958250242886833,1.0858575598651539,1.3306077622219792,4.120077883890814,2.503340245117083,-0.9651200656890332,-0.8407339064052304,-2.022689026491669,1.6582736387528754,3.090886514545518,-1.5166987391501567,-0.9256328457298785,0.8635204003874712,-0.7067486311410681,-0.6476866819425169,-0.6210181013613454,1.288388932725229,-0.38510999792852524,1.3005269412444447,-0.12926830943759074,-0.5029990157150751,0.45880005861213174,1.7808829971166347,0.8950203945944912,-0.35844491382221866,0.06537967598732022,-0.45912072520836905,-0.05254195794318222,-0.4390176993009034,-0.6958645994700784,0.608578037590958,-0.6327746749098343,-0.7205654257996813,-0.5773145906792347
CsAuSe3,0.7552101224362712,-2.085813565403061,2.132446402635508,0.9128901074816598,2.0028391519315654,2.0273341971967254,1.2958250242886833,0.08846622264972197,0.9497778237218828,4.874334546006546,2.503340245117083,-0.9651200656890332,-0.8407339064052304,-2.4382346173679386,1.6582736387528754,0.052036226703107986,-1.7706844461819629,-0.10525205998356343,0.8635204003874712,-0.7067486311410681,-0.6476866819425169,-0.6210181013613454,1.288388932725229,-0.14526045583582323,1.3005269412444447,-0.12926830943759074,-0.5029990157150751,0.45880005861213174,1.7808829971166347,0.8950203945944912,-0.35844491382221866,0.19275554599604924,-0.45912072520836905,0.2519486558689364,-0.4390176993009034,-0.6140013514198622,0.5135919781926918,-0.6327746749098343,0.6990152476922931,-0.5773145906792347
CsBeH3,-0.3690003461668023,,-1.0338407193879684,0.32140991585221645,-0.11129923829181697,-2.5753401064779977,1.2958250242886833,-1.127913232517202,1.066177734928629,1.2677129011010397,1.0435924014014566,-0.9651200656890332,-0.8407339064052304,-0.15138532289765091,-0.9428964174674724,-1.581754250631522,-2.5788207867377064,-0.75083885639134,0.8635204003874712,-0.7067486311410681,-0.6476866819425169,-0.6210181013613454,-0.6484375139907282,1.6954086833415134,-1.5359549371512904,0.08053595300542775,-0.5029990157150751,0.45880005861213174,-1.0945265545259502,0.9636607090808809,-0.5787860866443812,-1.642780536023716,-0.45912072520836905,-2.1244708124277207,-0.4390176993009034,3.9772060578661304,,-1.51204419304502,-0.6005838617641739,2.260418115959792
CsBiO3,-0.009926821737160679,0.5713558484042306,-0.36220405714056436,-0.48157741819604966,-0.24075078036430245,-0.15893609704876788,1.2958250242886833,-0.4490500668675767,0.36619404091031815,-0.36743055569971245,-1.0000545798004203,-0.9651200656890332,-0.8407339064052304,-0.13972707114795316,0.12185541883098232,0.3591888364420176,0.2842908198026446,-0.9990721113509434,0.8635204003874712,-0.7067486311410681,-0.6476866819425169,-0.6210181013613454,0.2500902190218291,-1.1221536505463567,1.4518059747588838,-0.8763832949270711,-0.5029990157150751,0.45880005861213174,0.2123579609237968,-0.4754053470236032,-0.4267956449833793,1.259375265692473,-0.45912072520836905,0.8078954822886595,-0.4390176993009034,0.3229412091851461,,1.1881006331686277,-0.7205654257996832,-0.5890269308599383
CsBrO3,0.47088169131144214,0.5713558484042306,-0.36220405714056436,0.7035069694899307,0.5535613409588628,-0.15893609704876788,1.2958250242886833,-0.4490500668675767,0.668910871218137,-0.36743055569971245,-1.0885377567887213,-0.9651200656890332,-0.8407339064052304,-0.13972707114795316,2.846779526200054,0.3591888364420176,0.2842908198026446,-0.5749882430498262,0.8635204003874712,-0.7067486311410681,-0.6476866819425169,-0.6210181013613454,2.1270148168702825,1.3914965610730288,-0.3635424274143866,-1.1388859558900428,-0.5029990157150751,0.45880005861213174,,2.7233590461915638,-0.7023286131891382,-0.6536776721125314,-0.45912072520836905,-1.2238707155807902,-0.4390176993009034,2.386849264072761,,0.9371151177307859,-0.3210463119764344,-6.353891598939128e-05
CsCaF3,0.24960828344627328,0.5426881507425069,-0.26625596253379236,-0.21773608176666648,0.02299085499431394,-0.4466032410284384,1.2958250242886833,1.4123489357201058,0.22578019284489212,-0.3555324224381685,1.1558806970718893,-0.9651200656890332,-0.8407339064052304,2.1225636079289667,-0.9152268796162955,-1.653641031634246,1.5311297452315076,-0.9990721113509434,0.8635204003874712,-0.7067486311410681,-0.6476866819425169,-0.6210181013613454,-1.7865726424733013,-1.1221536505463567,-0.9308388030935336,-0.33875221687440876,-0.5029990157150751,0.45880005861213174,-1.143625342423583,-1.3035394036766228,-0.5482554622683781,-0.6375815167747716,-0.45912072520836905,2.870971403128706,-0.4390176993009034,-0.8288923085153732,,1.9902700256464367,-0.7205654257996832,0.2893985826928265
CsCaH3,0.325570195691004,,-1.0338407193879684,-0.1405138022210297,0.10018395357815774,-2.5753401064779977,1.2958250242886833,-1.127913232517202,1.1041539693407278,1.2677129011010397,1.1558806970718893,-0.9651200656890332,-0.8407339064052304,-0.15138532289765091,-0.9152268796162955,-1.581754250631522,-2.5788207867377064,-0.9990721113509434,0.8635204003874712,-0.7067486311410681,-0.6476866819425169,-0.6210181013613454,-1.7865726424733013,-1.1221536505463567,-0.9308388030935336,-0.33875221687440876,-0.5029990157150751,0.45880005861213174,-1.143625342423583,-1.3035394036766228,-0.5482554622683781,-1.1905033672315846,-0.45912072520836905,2.8056183775281567,-0.4390176993009034,-0.8346694609039385,,1.9902700256464367,-0.7205654257996832,0.2893985826928265
CsCdCl3,1.4889896633087771,-1.5853972541236352,0.5013287943203837,1.0422092322882441,1.2824600575398648,1.1643327652577153,1.2958250242886833,1.6213830483101663,1.1483003514791483,-0.5552510878997988,-0.0006887483335684428,-0.9651200656890332,-0.8407339064052304,-0.5264644661108842,-0.9428964174674724,0.3689915793060257,-0.36221825264195046,-0.9990721113509434,0.8635204003874712,-0.7067486311410681,-0.6476866819425169,-0.6210181013613454,-0.40883011852071316,-1.1221536505463567,0.12811443150754082,-0.8294418643126588,-0.5029990157150751,0.45880005861213174,0.02617799339250407,0.7313418181857098,-0.6585443844328546,-0.7032940038341383,-0.45912072520836905,1.1380949994852096,-0.4390176993009034,-0.9426824596217472,,-0.1750952055820047,-0.7205654257996832,-0.40664906233184045
CsCdF3,0.220665505513216,0.5426881507425069,-0.26625596253379236,-0.24715908103468198,-0.00642102583194453,-0.4466032410284384,1.2958250242886833,1.4123489357201058,0.7221001372462288,-0.3555324224381685,-0.0006887483335684428,-0.9651200656890332,-0.8407339064052304,2.1225636079289667,-0.9428964174674724,-1.653641031634246,1.5311297452315076,-0.9990721113509434,0.8635204003874712,-0.7067486311410681,-0.6476866819425169,-0.6210181013613454,-0.40883011852071316,-1.1221536505463567,0.12811443150754082,-0.8294418643126588,-0.5029990157150751,0.45880005861213174,0.02617799339250407,0.7313418181857098,-0.6585443844328546,0.07099192245017141,-0.45912072520836905,2.744167025097789,-0.4390176993009034,-0.7599968906920869,,-0.1750952055820047,-0.7205654257996832,-0.40664906233184045
CsGeCl3,1.7249687264920803,-1.5853972541236352,0.5013287943203837,1.158412961692193,1.6529294802838588,1.1643327652577153,1.2958250242886833,1.6213830483101663,0.9014453636823416,-0.5552510878997988,-0.4161554423141698,-0.9651200656890332,-0.8407339064052304,-0.5264644661108842,0.4464179303342393,0.3689915793060257,-0.36221825264195046,-0.8813908094094081,0.8635204003874712,-0.7067486311410681,-0.6476866819425169,-0.6210181013613454,0.23012293606599404,-0.4408227753388577,-0.477001702550216,-0.24792215041055196,-0.5029990157150751,0.45880005861213174,-0.5219819641089215,-0.041728818541261786,0.7960386963029247,-1.125487364078846,-0.45912072520836905,-0.602370984795496,-0.4390176993009034,0.3921540854776867,,-0.07174822863701077,-0.4654012084922682,-0.257735022891467
CsIO3,0.37625920040729843,0.5713558484042306,-0.36220405714056436,0.28876321945832234,0.32982702183361173,-0.15893609704876788,1.2958250242886833,-0.4490500668675767,0.5500382278378031,-0.36743055569971245,-1.0848434718611641,-0.9651200656890332,-0.8407339064052304,-0.13972707114795316,2.503537157919631,0.3591888364420176,0.2842908198026446,-0.8347723625520675,0.8635204003874712,-0.7067486311410681,-0.6476866819425169,-0.6210181013613454,1.5279963281952444,-0.03031221746381181,0.3172132234005898,-1.0248301514766625,-0.5029990157150751,0.45880005861213174,-0.5850854398297048,1.7608688321307913,-0.5851762173277307,-0.266390650690068,-0.45912072520836905,1.0291769493833514,-0.4390176993009034,0.15288869015566342,,1.9115294717835842,-0.6301491186650257,-0.43509331705640614
CsMgBr3,1.848452937186226,-2.0093282243361874,2.22839449724228,1.1359864228623944,1.8126611097240097,1.7396670532170564,1.2958250242886833,1.378505317491239,1.0545638248614542,0.6250012383122826,0.7067275143901581,-0.9651200656890332,-0.8407339064052304,-1.212527638261307,-0.9428964174674724,1.1499434274719789,-0.8240104472452334,-0.7973632922783289,0.8635204003874712,-0.7067486311410681,-0.6476866819425169,-0.6210181013613454,-1.1675868708424282,-1.122148825699084,-1.233396870122412,-0.519658573316945,-0.5029990157150751,0.45880005861213174,-1.1126502681794388,-0.22058427214197587,-0.5510955203498666,-0.750042429665837,-0.45912072520836905,-0.7977294116025136,-0.4390176993009034,0.29369558480605557,,-0.011052385034395493,-0.7205654257996832,0.9185185695420444
CsMgCl3,1.4191228842487398,-1.5853972541236352,0.5013287943203837,0.5443396817896186,1.3959229331936849,1.1643327652577153,1.2958250242886833,1.6213830483101663,0.884925393148795,-0.5552510878997988,0.7067275143901581,-0.9651200656890332,-0.8407339064052304,-0.5264644661108842,-0.9428964174674724,0.3689915793060257,-0.36221825264195046,-0.7926363174393026,0.8635204003874712,-0.7067486311410681,-0.6476866819425169,-0.6210181013613454,-1.1675868708424282,-1.1221536249570785,-1.233396870122412,-0.519658573316945,-0.5029990157150751,0.45880005861213174,-1.1126502681794388,-0.22058427214197587,-0.5510955203498666,-1.216795770321035,-0.45912072520836905,-0.6323790190072325,-0.4390176993009034,0.4205355085437229,,-0.011052385034395493,-0.7205654257996832,0.9185185695420444
CsPbF3,0.6844694436147403,0.5426881507425069,-0.26625596253379236,0.816221614424706,0.24176700311637142,-0.4466032410284384,1.2958250242886833,1.4123489357201058,0.4931503619869644,-0.3555324224381685,-0.6968761814902518,-0.9651200656890332,-0.8407339064052304,2.1225636079289667,-0.5331070594183961,-1.653641031634246,1.5311297452315076,-0.5985518067359312,0.8635204003874712,-0.7067486311410681,-0.6476866819425169,-0.6210181013613454,0.8690759906527021,-1.0841503477765757,1.413986216380274,-0.8234210746373056,-0.5029990157150751,0.45880005861213174,0.4693851727369089,-0.38277588897482023,-0.7265164411831501,0.32856630826765865,-0.45912072520836905,2.236949512974122,-0.4390176993009034,-0.4677132999266295,,0.68777003049842,-0.5469093052173533,-0.5756413992248486
CsReO3,-0.6097478579644046,0.5713558484042306,-0.36220405714056436,-1.09135074232806,-0.8502936817196404,-0.15893609704876788,1.2958250242886833,-0.4490500668675767,-0.40362916520616665,-0.36743055569971245,-0.5509013971186891,-0.9651200656890332,-0.8407339064052304,-0.13972707114795316,-0.7736102154244068,0.3591888364420176,0.2842908198026446,-0.999072111350943,0.8635204003874712,-0.7067486311410681,-0.6476866819425169,-0.6210181013613454,0.010482823551813568,-1.1221536505463563,1.1492479077300055,1.8698128846948874,-0.5029990157150751,0.45880005861213174,2.064271974243912,-0.08828725352940539,0.6606625944186315,2.1415406583709755,-0.45912072520836905,-0.45944382925367055,-0.4390176993009034,1.4835917041155335,,-0.854232482649107,-0.7205654257996832,-0.563929059044145
CsSbO3,-0.3816365030286277,0.5713558484042306,-0.36220405714056436,-0.859454542010822,-0.6184851109595875,-0.15893609704876788,1.2958250242886833,-0.4490500668675767,0.2467994890434789,-0.36743055569971245,-0.8203933067277278,-0.9651200656890332,-0.8407339064052304,-0.13972707114795316,0.26195434465972633,0.3591888364420176,0.2842908198026446,-0.9990721113509434,0.8635204003874712,-0.7067486311410681,-0.6476866819425169,-0.6210181013613454,0.30999206788933253,-1.1221536505463567,0.24157370664337022,-0.537768053373328,-0.5029990157150751,0.45880005861213174,-0.29560030447352664,0.4590763410581078,-0.01574457198925281,0.8878784507923031,-0.45912072520836905,-0.37897784121923683,-0.4390176993009034,1.3987513179171216,,0.6762870330600873,-0.7205654257996832,-0.4468056572371097
CsSnS3,1.2383299855527932,-1.676134427321474,0.4053806997136117,0.6920608802876542,1.0085019556808754,1.4519999092373859,1.2958250242886833,0.13823624945687923,0.6546632912015734,1.5279845661973133,-0.3375536353448668,-0.9651200656890332,-0.8407339064052304,-2.076945948619474,0.3098214776512138,-0.23877847826245682,-1.7014156169914698,-0.8807533967341502,0.8635204003874712,-0.7067486311410681,-0.6476866819425169,-0.6210181013613454,0.13028652128682133,-0.2760652764527852,0.2037539482647604,-0.9134314091735322,-0.5029990157150751,0.45880005861213174,-0.19460179111363068,-0.4341378038282253,-0.6140501411561988,-0.8936913122193622,-0.45912072520836905,-0.756162160130645,-0.4390176993009034,0.47914430089147386,-1.7307480533746078,0.36460567401962946,-0.7104222905136562,-0.41334182814938536
CsSrBr3,2.416616279483633,-2.0093282243361874,2.22839449724228,2.522490939582799,1.8323686193563937,1.7396670532170564,1.2958250242886833,1.378505317491239,0.9027102299387408,0.6250012383122826,-0.6968761814902518,-0.9651200656890332,-0.8407339064052304,-1.212527638261307,-0.8841716177242572,1.1499434274719789,-0.8240104472452334,0.05645050065309155,0.8635204003874712,-0.7067486311410681,-0.6476866819425169,-0.6210181013613454,-1.8864090572524743,-1.0689963101676354,-0.2500831522785572,-0.39999655629505904,-0.5029990157150751,0.45880005861213174,-0.9656834265529669,-1.5990311187409596,-0.6007965367759184,-0.7857650622952173,-0.45912072520836905,0.47699963353481495,-0.4390176993009034,-0.7438009458042659,,3.2599614566849318,0.24267276831955628,-0.2811597032528741
CsWO3,-0.5774127039794855,0.5713558484042306,-0.36220405714056436,-1.0584790803808208,-0.8174344414040469,-0.15893609704876788,1.2958250242886833,-0.4490500668675767,-0.587869239472206,-0.36743055569971245,0.819015810060591,-0.9651200656890332,-0.8407339064052304,-0.13972707114795316,-0.02524845328919903,0.3591888364420176,0.2842908198026446,-0.9990721113509434,0.8635204003874712,-0.7067486311410681,-0.6476866819425169,-0.6210181013613454,0.9289778395202055,-1.1221536505463567,1.1114281493513956,2.0921769478221712,-0.5029990157150751,0.45880005861213174,1.772644945455958,-0.06673516960453436,1.5235669081776053,2.0394984027112915,-0.45912072520836905,-0.2985118531848034,-0.4390176993009034,1.3156335791542102,,-0.7541663621150652,-0.7205654257996832,-0.5722950163160762
InBO3,-0.5671263966195699,0.5713558484042306,-0.36220405714056436,-0.9261453368817417,-0.07364579987953432,-0.15893609704876788,-1.3586475416833552,-0.4490500668675767,-0.46547111857799844,-0.36743055569971245,-0.786706818026598,0.6763185880559978,2.997642618175392,-0.13972707114795316,-0.6311763074985169,0.3591888364420176,0.2842908198026446,1.3826064293068676,0.5627295497445204,2.789471955140791,0.20999125600223387,-0.3857845630227794,0.29002478493349837,0.5041650722083568,-1.4981351787726807,0.823948011511475,-0.5149652900026962,-0.47434307526986536,-0.9936928021992676,0.23983280491381667,1.4236915323119206,0.0469821921933827,0.7257069527487126,-1.7066666437873916,3.39240949459789,0.1375008673088054,,-1.5875038904969199,1.2843653365154584,0.9235381439052033
InGaO3,-0.38971907847436715,0.5713558484042306,-0.36220405714056436,0.6367121305271817,-1.38757749057948,-0.15893609704876788,-1.3586475416833552,-0.4490500668675767,-0.032561903314115306,-0.36743055569971245,-0.7642491588925114,0.6763185880559978,2.997642618175392,-0.13972707114795316,-0.605491504429914,0.3591888364420176,0.2842908198026446,0.0031373102753013736,0.5627295497445204,2.789471955140791,0.20999125600223387,-0.3857845630227794,-0.16922272305069763,1.320994958645979,-0.5148214609288259,-1.103920149183884,-0.5149652900026962,-0.47434307526986536,-0.4262558038118586,-1.3839687292617397,-0.6881283227816949,0.6464585051170686,0.7257069527487126,-0.2985118531848034,3.39240949459789,-1.092979531746245,,-0.3719465902391357,-0.7205654257996832,-0.16905587580899745
KCaBr3,1.7613643723035308,-2.0093282243361874,2.22839449724228,2.2387531998135195,1.1960912035708575,1.7396670532170564,0.09246412771469249,1.378505317491239,0.8878592370748323,0.6250012383122826,1.1558806970718893,-0.5776200498358591,-0.5519894336433984,-1.212527638261307,-0.9152268796162955,1.1499434274719789,-0.8240104472452334,0.10434592761515987,-0.9412247034702333,-0.6008025527688909,0.5456043621545277,-0.5568868604940741,-1.7865726424733013,-1.086243154388572,-0.9308388030935336,-0.33875221687440876,0.1817377907432461,0.6218190398324805,-1.143625342423583,-1.3035394036766228,-0.5482554622683781,-1.0896726055320847,-0.45912072520836905,0.9203836492347559,-0.4390176993009034,-1.396337054236548,,1.9902700256464367,0.2182983832831728,0.2893985826928265
KMgF3,-0.6198833572410863,0.5426881507425069,-0.26625596253379236,-1.1016544107764907,-0.8605934565902451,-0.4466032410284384,0.09246412771469249,1.4123489357201058,0.31077092898195113,-0.3555324224381685,0.7067275143901581,-0.5776200498358591,-0.5519894336433984,2.1225636079289667,-0.9428964174674724,-1.653641031634246,1.5311297452315076,-0.9990721113509434,-0.9412247034702333,-0.6008025527688909,0.5456043621545277,-0.5568868604940741,-1.1675868708424282,-1.1221536505463567,-1.233396870122412,-0.519658573316945,0.1817377907432461,0.6218190398324805,-1.1126502681794388,-0.22058427214197587,-0.5510955203498666,-1.1628713079889192,-0.45912072520836905,0.2503475904897579,-0.4390176993009034,0.42228938761647394,,-0.011052385034395493,-0.7205654257996832,0.9185185695420444
KMgH3,-0.6737994304857983,,-1.0338407193879684,-1.156465064656455,-0.9153833984735402,-2.5753401064779977,0.09246412771469249,-1.127913232517202,1.1669947379679122,1.2677129011010397,0.7067275143901581,-0.5776200498358591,-0.5519894336433984,-0.15138532289765091,-0.9428964174674724,-1.581754250631522,-2.5788207867377064,-0.9990721113509434,-0.9412247034702333,-0.6008025527688909,0.5456043621545277,-0.5568868604940741,-1.1675868708424282,-1.1221536505463567,-1.233396870122412,-0.519658573316945,0.1817377907432461,0.6218190398324805,-1.1126502681794388,-0.22058427214197587,-0.5510955203498666,-1.8686342602429777,-0.45912072520836905,0.21523253195811892,-0.4390176993009034,0.405448096652224,,-0.011052385034395493,-0.7205654257996832,0.9185185695420444
KNbO3,-0.6621781077116032,0.5713558484042306,-0.36220405714056436,-0.397953287162494,-0.8378343428788284,-0.15893609704876788,0.09246412771469249,-0.4490500668675767,-0.766155276358762,-0.36743055569971245,-0.48352841971642946,-0.5776200498358591,-0.5519894336433984,-0.13972707114795316,0.062313375353766,0.3591888364420176,0.2842908198026446,-0.808725221509511,-0.9412247034702333,-0.6008025527688909,0.5456043621545277,-0.5568868604940741,-0.5885356651232244,1.0131727608443217,-0.1366238771427278,1.2017784747065636,0.1817377907432461,0.6218190398324805,0.0129971107354214,-0.8474277986471193,0.4675386448774022,-0.3743935657378882,-0.45912072520836905,-0.21804586515036994,-0.4390176993009034,0.6380850627189586,,-0.5310681261703167,-0.4960922113801974,-0.349760552882709
KSbO3,0.5990415222402238,0.5713558484042306,-0.36220405714056436,0.29083828721257315,0.17901786323517482,-0.15893609704876788,0.09246412771469249,-0.4490500668675767,0.0504180030007623,-0.36743055569971245,-0.8203933067277278,-0.5776200498358591,-0.5519894336433984,-0.13972707114795316,0.26195434465972633,0.3591888364420176,0.2842908198026446,0.8021362101315115,-0.9412247034702333,-0.6008025527688909,0.5456043621545277,-0.5568868604940741,0.30999206788933253,-1.1053336598335666,0.24157370664337022,-0.537768053373328,0.1817377907432461,0.6218190398324805,-0.29560030447352664,0.4590763410581078,-0.01574457198925281,-0.4586289253770312,-0.45912072520836905,-0.37897784121923683,-0.4390176993009034,0.7904221091384174,,0.6762870330600873,1.214705674053266,-0.4468056572371097
KTaO3,-0.6646284231050894,0.5713558484042306,-0.36220405714056436,-1.147141891045626,-0.9060637479285225,-0.15893609704876788,0.09246412771469249,-0.4490500668675767,-0.8257586196099029,-0.36743055569971245,-0.4498419310152996,-0.5776200498358591,-0.5519894336433984,-0.13972707114795316,-0.5809741924098837,0.3591888364420176,0.2842908198026446,-0.9990721113509434,-0.9412247034702333,-0.6008025527688909,0.5456043621545277,-0.5568868604940741,-0.7882084946815706,-1.1221536505463567,1.0736083909727858,1.7105776022011967,0.1817377907432461,0.6218190398324805,1.3442662591007712,-0.28886785760895983,0.7785250048004113,0.9016738825777991,-0.45912072520836905,-0.21804586515036994,-0.4390176993009034,0.6380850627189586,,-0.5277872697593646,-0.7205654257996832,-0.5589094846809863
KZnF3,-0.49011070611466967,0.5426881507425069,-0.26625596253379236,-0.9697285594317246,-0.7287174577394775,-0.4466032410284384,0.09246412771469249,1.4123489357201058,0.6261456597569153,-0.3555324224381685,0.257574331708427,-0.5776200498358591,-0.5519894336433984,2.1225636079289667,-0.9428964174674724,-1.653641031634246,1.5311297452315076,-0.9990721113509434,-0.9412247034702333,-0.6008025527688909,0.5456043621545277,-0.5568868604940741,-0.4886992503440517,-1.1221536505463567,-0.5526412193074356,-0.7366708233994708,0.1817377907432461,0.6218190398324805,-0.22261116675993134,1.0141671806818116,-0.6179315538675667,-0.730667108691821,-0.45912072520836905,0.3348838425103694,-0.4390176993009034,0.35107323613157443,,-0.8050196364848241,-0.7205654257996832,-0.14395800399320413
LaAlO3,-1.0124145960169202,0.5713558484042306,-0.36220405714056436,0.41171401514259387,0.5193097834644471,-0.15893609704876788,-0.4738233530260087,-0.4490500668675767,-0.8997388087924072,-0.36743055569971245,1.5488897319184043,0.49464148587209683,0.8185843303994323,-0.13972707114795316,-0.44671272182400396,0.3591888364420176,0.2842908198026446,1.4139944036502887,0.9637840172684548,0.3880275120381001,-1.0765256509148924,1.0151361465348867,-0.5685683821673898,1.0099936874611137,-1.1955771117438023,-0.5097935235671879,-0.5654895592170966,0.5993336631124325,-0.9541501542280196,-1.3935283605877076,-0.4455400283212045,0.660343541531948,3.0953623086628754,-0.640492302331146,0.19955349968222882,0.317568514383705,,-0.6672236672248324,-0.684233645775024,0.7076964462893811
LaCoN3,-0.49510686667306697,-0.48147154715918444,-0.45815215174733637,0.051842656688026005,0.7107815602618162,0.01366418933903443,-0.4738233530260087,-1.782886785299392,-0.8634270266647772,-0.3753980556516392,0.032997740367561396,0.49464148587209683,0.8185843303994323,0.4049529673745289,-0.19920461952655613,-0.8890270882416395,-0.6392935694039202,0.9315911413207819,0.9637840172684548,0.3880275120381001,-1.0765256509148924,1.0151361465348867,-0.02945174235985569,1.148426441113227,-0.666100494443265,0.2765178391515086,-0.5654895592170966,0.5993336631124325,0.06736825169588742,-0.0547405978233374,-0.18567471386499143,-0.0920525276679176,3.0953623086628754,-0.8212652069564489,0.19955349968222882,0.21584651014329062,,-1.213486259648371,1.77181778622835,-0.08874268599845896
LaCrO3,-1.022462832196611,0.5713558484042306,-0.36220405714056436,-0.3273379983426922,-0.42985337270311974,-0.15893609704876788,-0.4738233530260087,-0.4490500668675767,-1.1009357391044876,-0.36743055569971245,-0.03437523703469828,0.49464148587209683,0.8185843303994323,-0.13972707114795316,-0.192199673235119,0.3591888364420176,0.2842908198026446,0.8733924984392183,0.9637840172684548,0.3880275120381001,-1.0765256509148924,1.0151361465348867,-0.46873196738821704,0.8891261506066995,-0.7795597695790945,0.6647127290177842,-0.5654895592170966,0.5993336631124325,-0.22261116675993134,-0.8420168198577216,0.041529932654102035,0.7719090769277419,3.0953623086628754,-0.3186283501934118,0.19955349968222882,0.028269197758226727,,-1.1216222801417097,-0.4139789773507141,-0.0418933252756448
LaScO3,-0.8461912036888815,0.5713558484042306,-0.36220405714056436,-0.04400310558074554,-0.18874034910070436,-0.15893609704876788,-0.4738233530260087,-0.4490500668675767,-1.0680497152103243,-0.36743055569971245,-0.9102239432640741,0.49464148587209683,0.8185843303994323,-0.13972707114795316,-0.7315805376757835,0.3591888364420176,0.2842908198026446,1.0357119034298243,0.9637840172684548,0.3880275120381001,-1.0765256509148924,1.0151361465348867,-1.067750456063255,0.8322704316952976,-0.8930190447149238,0.3198599870491996,-0.5654895592170966,0.5993336631124325,-0.9071932597621626,-0.9868417377953524,-0.28507674671709476,0.31111547887490654,3.0953623086628754,0.20440057203040693,0.19955349968222882,-0.39471885438421817,,0.15299043551321373,-0.4393642815743001,0.1572164577963151
LiAsO3,-0.7150226568630712,0.5713558484042306,-0.36220405714056436,-0.18678266211329234,-0.4335200976157304,-0.15893609704876788,-1.553308863187971,-0.4490500668675767,-0.04390164734198728,-0.36743055569971245,-0.5284437379846025,0.33402300282274633,0.133297448378017,-0.13972707114795316,-0.032253399580636166,0.3591888364420176,0.2842908198026446,1.1573881724813933,-1.743333638518102,-0.0357568014506105,0.26592677369428286,-0.34184346667582816,0.5695667463151831,1.0770804128268823,-0.4391819441716062,-0.3623077320361973,3.9378183310243284,1.251409587993828,-0.45541850669065403,1.29276971926107,0.20435992932611904,-0.4603914584091725,-0.45912072520836905,-0.9422397574602724,-0.4390176993009034,-0.5895217267974389,,-0.1832973466093853,1.062266423618173,-0.242676299801991
LiNbO3,-0.8848798637474514,0.5713558484042306,-0.36220405714056436,-0.2124684492625376,-0.4768007184126647,-0.15893609704876788,-1.553308863187971,-0.4490500668675767,-0.8633360538433175,-0.36743055569971245,-0.48352841971642946,0.33402300282274633,0.133297448378017,-0.13972707114795316,0.062313375353766,0.3591888364420176,0.2842908198026446,1.176558961492626,-1.743333638518102,-0.0357568014506105,0.26592677369428286,-0.34184346667582816,-0.5885356651232244,0.8362477424829541,-0.1366238771427278,1.2017784747065636,3.9378183310243284,1.251409587993828,0.0129971107354214,-0.8474277986471193,0.4675386448774022,-0.3464852292044739,-0.45912072520836905,-0.21804586515036994,-0.4390176993009034,-1.1502193952485906,,-0.5310681261703167,1.0146779461366802,-0.349760552882709
LiSbO3,-0.6465963172011919,0.5713558484042306,-0.36220405714056436,-0.3272603483075607,-0.33115394195161146,-0.15893609704876788,-1.553308863187971,-0.4490500668675767,-0.0542354736834285,-0.36743055569971245,-0.8203933067277278,0.33402300282274633,0.133297448378017,-0.13972707114795316,0.26195434465972633,0.3591888364420176,0.2842908198026446,1.0591988228096454,-1.743333638518102,-0.0357568014506105,0.26592677369428286,-0.34184346667582816,0.30999206788933253,0.9589960562222987,0.24157370664337022,-0.537768053373328,3.9378183310243284,1.251409587993828,-0.29560030447352664,0.4590763410581078,-0.01574457198925281,-0.16670584921895348,-0.45912072520836905,-0.37897784121923683,-0.4390176993009034,-1.0345655171976977,,0.6762870330600873,-0.7107665468978537,-0.4468056572371097
LiTaO3,-0.9047801488698889,0.5713558484042306,-0.36220405714056436,-0.24317694603723272,-0.4819452198349087,-0.15893609704876788,-1.553308863187971,-0.4490500668675767,-0.9181572550759306,-0.36743055569971245,-0.4498419310152996,0.33402300282274633,0.133297448378017,-0.13972707114795316,-0.5809741924098837,0.3591888364420176,0.2842908198026446,1.1840833591152724,-1.743333638518102,-0.0357568014506105,0.26592677369428286,-0.34184346667582816,-0.7882084946815706,0.8109522252983297,1.0736083909727858,1.7105776022011967,3.9378183310243284,1.251409587993828,1.3442662591007712,-0.28886785760895983,0.7785250048004113,1.1249247761745933,-0.45912072520836905,-0.21804586515036994,-0.4390176993009034,-1.1502193952485906,,-0.5277872697593646,1.044996027292313,-0.5589094846809863
MgCO3,-0.8393116742074141,0.5713558484042306,-0.36220405714056436,-1.2310440985713742,-0.3710307593951261,-0.15893609704876788,-1.7125772171462934,-0.4490500668675767,-0.5861543578711806,-0.36743055569971245,0.4821509230492926,2.289498672197517,1.6001193700081244,-0.13972707114795316,0.85387230628617,0.3591888364420176,0.2842908198026446,1.2742972515709932,-1.292147362553676,1.1296500606433428,1.664314715995507,0.5195598719452111,1.308356215681063,0.47795933299309884,-1.460315420394071,2.191110111501683,0.5354076752440488,-2.098911543293342,-1.0254916816094797,2.332369913041244,4.604556583579229,-1.2188021388553458,-0.45912072520836905,-2.1492295779767767,-0.1197320998093373,0.5438339171693459,,-1.4398653520040718,1.252797238161522,0.39313645286477195
MgSiO3,-1.5805475286625252,0.5713558484042306,-0.36220405714056436,0.23908894609462722,-0.05058639688344239,-0.15893609704876788,-1.7125772171462934,-0.4490500668675767,-0.48618755302132216,-0.36743055569971245,0.5944392187197254,2.289498672197517,1.6001193700081244,-0.13972707114795316,0.6168716234258779,0.3591888364420176,0.2842908198026446,1.2029209924582691,-1.292147362553676,1.1296500606433428,1.664314715995507,0.5195598719452111,0.010482823551813568,1.0218747891977613,-1.1577573533651924,0.20019797002731368,0.5354076752440488,-2.098911543293342,-1.015111736517027,0.13645909263700132,1.4241648753255018,-0.6367406425345707,-0.45912072520836905,-1.1836377215635732,-0.1197320998093373,-0.46172217893108214,,-0.32929545689675727,-0.3471637037229716,0.39815602722793064
MgTiO3,-0.6937921063108807,0.5713558484042306,-0.36220405714056436,-0.2700787523105648,-0.5235769751300016,-0.15893609704876788,-1.7125772171462934,-0.4490500668675767,-0.7279902994053735,-0.36743055569971245,-0.8428509658618144,2.289498672197517,1.6001193700081244,-0.13972707114795316,-0.8541670977759346,0.3591888364420176,0.2842908198026446,1.1875914658403541,-1.292147362553676,1.1296500606433428,1.664314715995507,0.5195598719452111,-0.7083393628582322,0.8263765782477327,-0.855199286336314,0.43952200407108555,0.5354076752440488,-2.098911543293342,-0.6564269672111648,-0.7984958794902578,-0.2827100316491875,-0.7399555174824558,-0.45912072520836905,-0.3588613442106287,-0.1197320998093373,-1.1251277406273483,,-0.5622362620743624,0.9076869415862836,0.08359603380332162
NaBiO3,0.15507851156463992,0.5713558484042306,-0.36220405714056436,-0.271604024257369,0.49074097866176924,-0.15893609704876788,-0.7569670933963597,-0.4490500668675767,0.225173831807084,-0.36743055569971245,-1.0000545798004203,0.11489071920273645,-0.03224938267210029,-0.13972707114795316,0.12185541883098232,0.3591888364420176,0.2842908198026446,1.4077681486353486,-1.3422791709941677,-0.21233359873757285,1.2914112647151805,-0.49385690023700196,0.2500902190218291,1.262484823565712,1.4518059747588838,-0.8763832949270711,0.8079728117954195,0.8691581837530098,0.2123579609237968,-0.4754053470236032,-0.4267956449833793,0.5722345491295133,-0.45912072520836905,0.26475006305623194,-0.4390176993009034,-0.3698961822505071,,1.1881006331686277,1.255689744924484,-0.5890269308599383
NaCdF3,-0.20923079834601696,0.5426881507425069,-0.26625596253379236,-0.4161159661744423,0.22953693706847175,-0.4466032410284384,-0.7569670933963597,1.4123489357201058,0.718602300841425,-0.3555324224381685,-0.0006887483335684428,0.11489071920273645,-0.03224938267210029,2.1225636079289667,-0.9428964174674724,-1.653641031634246,1.5311297452315076,1.4806729478770828,-1.3422791709941677,-0.21233359873757285,1.2914112647151805,-0.49385690023700196,-0.40883011852071316,0.9115040124714915,0.12811443150754082,-0.8294418643126588,0.8079728117954195,0.8691581837530098,0.02617799339250407,0.7313418181857098,-0.6585443844328546,-0.453474600687289,-0.45912072520836905,1.222514488726787,-0.4390176993009034,-0.8726165779478852,,-0.1750952055820047,1.5849394445078284,-0.40664906233184045
NaCoF3,-0.9547386475095718,0.5426881507425069,-0.26625596253379236,-0.0311218169428384,0.4580988885133528,-0.4466032410284384,-0.7569670933963597,1.4123489357201058,0.3493839387438502,-0.3555324224381685,0.032997740367561396,0.11489071920273645,-0.03224938267210029,2.1225636079289667,-0.19920461952655613,-1.653641031634246,1.5311297452315076,1.2621987558561594,-1.3422791709941677,-0.21233359873757285,1.2914112647151805,-0.49385690023700196,-0.02945174235985569,1.1738771118874796,-0.666100494443265,0.2765178391515086,0.8079728117954195,0.8691581837530098,0.06736825169588742,-0.0547405978233374,-0.18567471386499143,-0.6547026960395922,-0.45912072520836905,0.35601790551552215,-0.4390176993009034,-0.27521533591943437,,-1.213486259648371,0.06661638131260546,-0.08874268599845896
NaMgF3,-1.1477595950321566,0.5426881507425069,-0.26625596253379236,0.3405313067103549,0.21136726788022342,-0.4466032410284384,-0.7569670933963597,1.4123489357201058,0.32150702383771373,-0.3555324224381685,0.7067275143901581,0.11489071920273645,-0.03224938267210029,2.1225636079289667,-0.9428964174674724,-1.653641031634246,1.5311297452315076,1.1886312211830516,-1.3422791709941677,-0.21233359873757285,1.2914112647151805,-0.49385690023700196,-1.1675868708424282,1.140808820363978,-1.233396870122412,-0.519658573316945,0.8079728117954195,0.8691581837530098,-1.1126502681794388,-0.22058427214197587,-0.5510955203498666,-1.017613703781266,-0.45912072520836905,0.2503475904897579,-0.4390176993009034,-0.19400423100284853,,-0.011052385034395493,-0.08225056337656836,0.9185185695420444
NaMnF3,-0.9741589290212843,0.5426881507425069,-0.26625596253379236,-0.09233037591507737,-0.27643753696903,-0.4466032410284384,-0.7569670933963597,1.4123489357201058,0.039956562914501975,-0.3555324224381685,-1.002300345713829,0.11489071920273645,-0.03224938267210029,2.1225636079289667,-0.9428964174674724,-1.653641031634246,1.5311297452315076,1.1426508329283365,-1.3422791709941677,-0.21233359873757285,1.2914112647151805,-0.49385690023700196,-0.6883720799023976,0.6861491450026643,-0.7417400112004846,0.04190490814009449,0.8079728117954195,0.8691581837530098,-0.16824002579946534,-0.3704916956135116,-0.34140456533328667,-0.9202255995617133,-0.45912072520836905,0.7152969766031197,-0.4390176993009034,-0.5369723582439567,,-1.1019371416759969,-0.42253646752419877,0.008302418355941709
NaNbO3,-0.7653028787580867,0.5713558484042306,-0.36220405714056436,0.003938362989004322,-0.1596067953489025,-0.15893609704876788,-0.7569670933963597,-0.4490500668675767,-0.7944243884631448,-0.36743055569971245,-0.48352841971642946,0.11489071920273645,-0.03224938267210029,-0.13972707114795316,0.062313375353766,0.3591888364420176,0.2842908198026446,1.056688064679009,-1.3422791709941677,-0.21233359873757285,1.2914112647151805,-0.49385690023700196,-0.5885356651232244,1.0182337057025852,-0.1366238771427278,1.2017784747065636,0.8079728117954195,0.8691581837530098,0.0129971107354214,-0.8474277986471193,0.4675386448774022,-0.3759812593601947,-0.45912072520836905,-0.21804586515036994,-0.4390176993009034,0.017146014813559304,,-0.5310681261703167,-0.09909736546858285,-0.349760552882709
NaSbO3,-0.06207905057494547,0.5713558484042306,-0.36220405714056436,-0.4475935916113079,0.3191630944753631,-0.15893609704876788,-0.7569670933963597,-0.4490500668675767,0.01318312338049775,-0.36743055569971245,-0.8203933067277278,0.11489071920273645,-0.03224938267210029,-0.13972707114795316,0.26195434465972633,0.3591888364420176,0.2842908198026446,1.2873001585472785,-1.3422791709941677,-0.21233359873757285,1.2914112647151805,-0.49385690023700196,0.30999206788933253,1.3880761381621527,0.24157370664337022,-0.537768053373328,0.8079728117954195,0.8691581837530098,-0.29560030447352664,0.4590763410581078,-0.01574457198925281,-0.2039025180885486,-0.45912072520836905,-0.37897784121923683,-0.4390176993009034,0.15674584999393382,,0.6762870330600873,1.208789206883143,-0.4468056572371097
RbAuBr3,1.6384311366746855,-2.0093282243361874,2.22839449724228,2.2105193290689567,1.2196870759167096,1.7396670532170564,0.5879656733628059,1.378505317491239,1.2356052505540174,0.6250012383122826,2.503340245117083,-0.7194639312870906,-0.6597873701411492,-1.212527638261307,1.6582736387528754,1.1499434274719789,-0.8240104472452334,-0.7725928029572819,-0.038852151541381066,-0.6008025527688909,-0.23749288553415784,-0.6010665676399018,1.288388932725229,-0.2477460625798608,1.3005269412444447,-0.12926830943759074,-0.34211910584816857,0.5374988771323002,1.7808829971166347,0.8950203945944912,-0.35844491382221866,-0.21989624939063593,-0.45912072520836905,0.28301912666609114,-0.4390176993009034,-0.8635761318311539,,-0.6327746749098343,0.11059082048529321,-0.5773145906792347
RbAuI3,2.1872053687660835,-2.4784828213990036,3.955460200164176,2.430772782895787,1.7506522576408055,2.4876016275641986,0.5879656733628059,1.0858575598651539,1.3379251585971281,4.120077883890814,2.503340245117083,-0.7194639312870906,-0.6597873701411492,-2.022689026491669,1.6582736387528754,3.090886514545518,-1.5166987391501567,-0.7048051225001073,-0.038852151541381066,-0.6008025527688909,-0.23749288553415784,-0.6010665676399018,1.288388932725229,-0.2110612892620522,1.3005269412444447,-0.12926830943759074,-0.34211910584816857,0.5374988771323002,1.7808829971166347,0.8950203945944912,-0.35844491382221866,-0.09527935140952173,-0.45912072520836905,-0.05254195794318222,-0.4390176993009034,-0.934785436754766,0.608578037590958,-0.6327746749098343,0.49471620747125494,-0.5773145906792347
RbBiO3,-0.14113121052509187,0.5713558484042306,-0.36220405714056436,-0.6149587627303137,-0.37408172239890375,-0.15893609704876788,0.5879656733628059,-0.4490500668675767,0.3249818524015924,-0.36743055569971245,-1.0000545798004203,-0.7194639312870906,-0.6597873701411492,-0.13972707114795316,0.12185541883098232,0.3591888364420176,0.2842908198026446,-0.9990721113509434,-0.038852151541381066,-0.6008025527688909,-0.23749288553415784,-0.6010665676399018,0.2500902190218291,-1.1221536505463567,1.4518059747588838,-0.8763832949270711,-0.34211910584816857,0.5374988771323002,0.2123579609237968,-0.4754053470236032,-0.4267956449833793,0.9659867675366598,-0.45912072520836905,0.8078954822886595,-0.4390176993009034,-0.029320693448404024,,1.1881006331686277,-0.7205654257996832,-0.5890269308599383
RbBrO3,0.27828297225742066,0.5713558484042306,-0.36220405714056436,0.48602314682214015,0.30721626661996976,-0.15893609704876788,0.5879656733628059,-0.4490500668675767,0.6623365491129138,-0.36743055569971245,-1.0885377567887213,-0.7194639312870906,-0.6597873701411492,-0.13972707114795316,2.846779526200054,0.3591888364420176,0.2842908198026446,-0.286821286112192,-0.038852151541381066,-0.6008025527688909,-0.23749288553415784,-0.6010665676399018,2.1270148168702825,1.2915303989533045,-0.3635424274143866,-1.1388859558900428,-0.34211910584816857,0.5374988771323002,,2.7233590461915638,-0.7023286131891382,-0.8359810554512257,-0.45912072520836905,-1.2238707155807902,-0.4390176993009034,1.9323504299277534,,0.9371151177307859,-0.17803385836446087,-6.353891598939128e-05
RbCaH3,0.18492897562486146,,-1.0338407193879684,-0.28348855483911195,-0.042736771357524336,-2.5753401064779977,0.5879656733628059,-1.127913232517202,1.097526913226644,1.2677129011010397,1.1558806970718893,-0.7194639312870906,-0.6597873701411492,-0.15138532289765091,-0.9152268796162955,-1.581754250631522,-2.5788207867377064,-0.9990721113509434,-0.038852151541381066,-0.6008025527688909,-0.23749288553415784,-0.6010665676399018,-1.7865726424733013,-1.1221536505463567,-0.9308388030935336,-0.33875221687440876,-0.34211910584816857,0.5374988771323002,-1.143625342423583,-1.3035394036766228,-0.5482554622683781,-1.5537168573576607,-0.45912072520836905,1.3850842041510387,-0.4390176993009034,-0.2983990109220178,,1.9902700256464367,-0.7205654257996832,0.2893985826928265
RbIO3,0.2955170772269084,0.5713558484042306,-0.36220405714056436,0.4705442223380614,0.20684188549722085,-0.15893609704876788,0.5879656733628059,-0.4490500668675767,0.5411067646630409,-0.36743055569971245,-1.0848434718611641,-0.7194639312870906,-0.6597873701411492,-0.13972707114795316,2.503537157919631,0.3591888364420176,0.2842908198026446,-0.5588623998622699,-0.038852151541381066,-0.6008025527688909,-0.23749288553415784,-0.6010665676399018,1.5279963281952444,1.2793436240540228,0.3172132234005898,-1.0248301514766625,-0.34211910584816857,0.5374988771323002,-0.5850854398297048,1.7608688321307913,-0.5851762173277307,-0.42655200413977423,-0.45912072520836905,1.0291769493833514,-0.4390176993009034,-0.19094955828447338,,1.9115294717835842,-0.5889381765453076,-0.43509331705640614
RbMgF3,-0.4942547821819428,0.5426881507425069,-0.26625596253379236,-0.9739413944047869,-0.7329287007551784,-0.4466032410284384,0.5879656733628059,1.4123489357201058,0.33928651594259296,-0.3555324224381685,0.7067275143901581,-0.7194639312870906,-0.6597873701411492,2.1225636079289667,-0.9428964174674724,-1.653641031634246,1.5311297452315076,-0.9990721113509434,-0.038852151541381066,-0.6008025527688909,-0.23749288553415784,-0.6010665676399018,-1.1675868708424282,-1.1221536505463567,-1.233396870122412,-0.519658573316945,-0.34211910584816857,0.5374988771323002,-1.1126502681794388,-0.22058427214197587,-0.5510955203498666,-0.6597652142891312,-0.45912072520836905,0.2503475904897579,-0.4390176993009034,0.6195033455746607,,-0.011052385034395493,-0.7205654257996832,0.9185185695420444
RbPbBr3,2.137816698529476,-2.0093282243361874,2.22839449724228,2.6781624667532813,1.5341490757434206,1.7396670532170564,0.5879656733628059,1.378505317491239,1.0375886076092506,0.6250012383122826,-0.6968761814902518,-0.7194639312870906,-0.6597873701411492,-1.212527638261307,-0.5331070594183961,1.1499434274719789,-0.8240104472452334,0.12023435001764086,-0.038852151541381066,-0.6008025527688909,-0.23749288553415784,-0.6010665676399018,0.8690759906527021,-1.0714303584734788,1.413986216380274,-0.8234210746373056,-0.34211910584816857,0.5374988771323002,0.4693851727369089,-0.38277588897482023,-0.7265164411831501,-0.28665334603843107,-0.45912072520836905,0.504711134516061,-0.4390176993009034,-1.0140464764253994,,0.68777003049842,0.3385746102580484,-0.5756413992248486
RbPbCl3,1.7213117449063116,-1.5853972541236352,0.5013287943203837,2.188171317613871,1.1518810257558048,1.1643327652577153,0.5879656733628059,1.6213830483101663,0.9025364750557083,-0.5552510878997988,-0.6968761814902518,-0.7194639312870906,-0.6597873701411492,-0.5264644661108842,-0.5331070594183961,0.3689915793060257,-0.36221825264195046,0.1243294167471021,-0.038852151541381066,-0.6008025527688909,-0.23749288553415784,-0.6010665676399018,0.8690759906527021,-1.0705030502707837,1.413986216380274,-0.8234210746373056,-0.34211910584816857,0.5374988771323002,0.4693851727369089,-0.38277588897482023,-0.7265164411831501,-0.6379791509137431,-0.45912072520836905,0.7779985889443739,-0.4390176993009034,-0.9724652438015373,,0.68777003049842,0.29037311664850973,-0.5756413992248486
RbReO3,-0.737578829227308,0.5713558484042306,-0.36220405714056436,-1.221302697271622,-0.9801965300704624,-0.15893609704876788,0.5879656733628059,-0.4490500668675767,-0.49619673060822955,-0.36743055569971245,-0.5509013971186891,-0.7194639312870906,-0.6597873701411492,-0.13972707114795316,-0.7736102154244068,0.3591888364420176,0.2842908198026446,-0.9990721113509434,-0.038852151541381066,-0.6008025527688909,-0.23749288553415784,-0.6010665676399018,0.010482823551813568,-1.1221536505463567,1.1492479077300055,1.8698128846948874,-0.34211910584816857,0.5374988771323002,2.064271974243912,-0.08828725352940539,0.6606625944186315,1.7602730428917555,-0.45912072520836905,-0.45944382925367055,-0.4390176993009034,1.0738362785132975,,-0.854232482649107,-0.7205654257996832,-0.563929059044145
RbSbO3,-0.5531969749439213,0.5713558484042306,-0.36220405714056436,-1.0338615616569489,-0.7928262252140751,-0.15893609704876788,0.5879656733628059,-0.4490500668675767,0.1644326010275804,-0.36743055569971245,-0.8203933067277278,-0.7194639312870906,-0.6597873701411492,-0.13972707114795316,0.26195434465972633,0.3591888364420176,0.2842908198026446,-0.9990721113509434,-0.038852151541381066,-0.6008025527688909,-0.23749288553415784,-0.6010665676399018,0.30999206788933253,-1.1221536505463567,0.24157370664337022,-0.537768053373328,-0.34211910584816857,0.5374988771323002,-0.29560030447352664,0.4590763410581078,-0.01574457198925281,0.5542629292577623,-0.45912072520836905,-0.37897784121923683,-0.4390176993009034,0.9931985120646531,,0.6762870330600873,-0.7205654257996832,-0.4468056572371097
RbWO3,-0.7006689143256608,0.5713558484042306,-0.36220405714056436,-1.1837803695377214,-0.942688381374249,-0.15893609704876788,0.5879656733628059,-0.4490500668675767,-0.6787741980670546,-0.36743055569971245,0.819015810060591,-0.7194639312870906,-0.6597873701411492,-0.13972707114795316,-0.02524845328919903,0.3591888364420176,0.2842908198026446,-0.9990721113509434,-0.038852151541381066,-0.6008025527688909,-0.23749288553415784,-0.6010665676399018,0.9289778395202055,-1.1221536505463567,1.1114281493513956,2.0921769478221712,-0.34211910584816857,0.5374988771323002,1.772644945455958,-0.06673516960453436,1.5235669081776053,1.6513532661011956,-0.45912072520836905,-0.2985118531848034,-0.4390176993009034,0.9141980606708017,,-0.7541663621150652,-0.7205654257996832,-0.5722950163160762
ReTlO3,-0.7295440615998436,0.5713558484042306,-0.36220405714056436,-1.2131346160125127,-2.9288990138627335,-0.15893609704876788,-0.9516284149009756,-0.4490500668675767,-0.4660535829277856,-0.36743055569971245,-0.5733590562527757,2.4519420794471682,,-0.13972707114795316,-0.718738136141482,0.3591888364420176,0.2842908198026446,-0.9990721113509434,1.866156569197307,3.2132562686295008,-0.4239446111743211,5.17430591772083,-0.5486010992115551,-1.1221536505463567,1.3761664580016642,-0.8456669031560987,-0.642605549070655,-1.2838166371915976,0.5534132996758109,-1.3070473567664591,-0.7564317196414974,3.428760140344071,1.910534630705794,-0.45944382925367055,1.4766958976484934,1.0226168503130166,,0.517165497128906,-0.7205654257996832,-0.5773145906792347
ScBO3,-0.749490677234147,0.5713558484042306,-0.36220405714056436,-1.0844254453482183,-0.2851756381686361,-0.15893609704876788,-0.9693248986741229,-0.4490500668675767,-1.0222050616482605,-0.36743055569971245,-0.786706818026598,1.348634888141012,1.2035769607485416,-0.13972707114795316,-0.6311763074985169,0.3591888364420176,0.2842908198026446,1.3579119898602883,-0.8409610865892497,1.3062268579303056,-1.0205901332228433,2.1549615780911404,0.29002478493349837,0.4127612619206986,-1.4981351787726807,0.823948011511475,-0.06955396929679804,-1.0814482467111644,-0.9936928021992676,0.23983280491381667,1.4236915323119206,-0.9469228891590853,1.910534630705794,-1.7066666437873916,0.19955349968222882,-0.39643005474812226,,-1.5875038904969199,1.2336048632747683,0.9235381439052033
SrWN3,0.7841463524819277,-0.48147154715918444,-0.45815215174733637,0.2613733788492061,0.11289884067704038,0.01366418933903443,-0.36764445038712706,-1.782886785299392,-1.0114975746415185,-0.3753980556516392,0.819015810060591,0.5969465283746798,0.3296436898560627,0.4049529673745289,-0.02524845328919903,-0.8890270882416395,-0.6392935694039202,0.4871969335823584,0.011279656899110724,-0.14170287982278815,-0.6663318545065332,0.7526642677707251,0.9289778395202055,1.303093689344991,1.1114281493513956,2.0921769478221712,-0.41790550966976914,-1.8161579310387368,1.772644945455958,-0.06673516960453436,1.5235669081776053,0.8198552093716119,-0.45912072520836905,-0.5608530196532306,-0.1197320998093373,0.16978850697826656,,-0.7541663621150652,3.9979299944265816,-0.5722950163160762
TiCdO3,-0.2947787051513855,0.5713558484042306,-0.36220405714056436,-0.7381934585158858,-0.1268087324148734,-0.15893609704876788,-1.0401108337667107,-0.4490500668675767,-0.3814972799673042,-0.36743055569971245,-0.0006887483335684428,1.5798989278397302,1.9350629584118497,-0.13972707114795316,-0.9428964174674724,0.3591888364420176,0.2842908198026446,1.8737131341623845,-0.7908292781487579,1.9419033281633706,-0.9087190978387455,2.3880659739166545,-0.40883011852071316,0.6276853680745982,0.12811443150754082,-0.8294418643126588,-0.12805575470294578,-1.6716893856124277,0.02617799339250407,0.7313418181857098,-0.6585443844328546,0.2561540871563436,1.910534630705794,1.0291769493833514,0.518839099173795,-2.2969588299803165,,-0.1750952055820047,0.8765916934460932,-0.40664906233184045
TiPbO3,-0.7747696211970652,0.5713558484042306,-0.36220405714056436,-1.0643904265341815,-3.122922799171307,-0.15893609704876788,-1.0401108337667107,-0.4490500668675767,-0.6665936288441293,-0.36743055569971245,-0.6968761814902518,1.5798989278397302,1.9350629584118497,-0.13972707114795316,-0.5331070594183961,0.3591888364420176,0.2842908198026446,-0.7256387552353794,-0.7908292781487579,1.9419033281633706,-0.9087190978387455,2.3880659739166545,0.8690759906527021,-0.8062054610369771,1.413986216380274,-0.8234210746373056,-0.12805575470294578,-1.6716893856124277,0.4693851727369089,-0.38277588897482023,-0.7265164411831501,1.1584084066725855,1.910534630705794,1.9947688057965551,0.518839099173795,-2.721341864964503,,0.68777003049842,-0.7205654257996832,-0.5756413992248486
TlCrO3,-1.1711399569149799,0.5713558484042306,-0.36220405714056436,-0.4351898817093787,-0.5526502201268425,-0.15893609704876788,-1.3055580903639143,-0.4490500668675767,-0.30421190337034015,-0.36743055569971245,-0.03437523703469828,0.9554643366679215,,-0.13972707114795316,-0.192199673235119,0.3591888364420176,0.2842908198026446,0.9071586928986635,2.1669474198402576,2.224426203822511,-0.4612349563023537,-0.11551194660303969,-0.46873196738821704,0.7823334401406487,-0.7795597695790945,0.6647127290177842,-0.6532422373263184,-1.0196134607310323,-0.22261116675993134,-0.8420168198577216,0.041529932654102035,1.9593880318343069,0.7257069527487126,-0.8215407754086221,3.39240949459789,1.4046748133830365,,-1.1216222801417097,-0.4758814017475364,-0.0418933252756448
TlIO3,0.013577832340651838,0.5713558484042306,-0.36220405714056436,-1.170194273303094,-0.8600795402965764,-0.15893609704876788,-1.3055580903639143,-0.4490500668675767,0.5883941191048357,-0.36743055569971245,-1.0848434718611641,0.9554643366679215,,-0.13972707114795316,2.503537157919631,0.3591888364420176,0.2842908198026446,-0.9990721113387782,2.1669474198402576,2.224426203822511,-0.4612349563023537,-0.11551194660303969,1.5279963281952444,-1.1221536505384087,0.3172132234005898,-1.0248301514766625,-0.6532422373263184,-1.0196134607310323,-0.5850854398297048,1.7608688321307913,-0.5851762173277307,0.7212775820736531,0.7257069527487126,1.0291769493833514,3.39240949459789,-0.23392933933949273,,1.9115294717835842,-0.7205654257996832,-0.43509331705640614
YVO3,-1.3205497122517675,0.5713558484042306,-0.36220405714056436,-0.2084332090667008,-0.6163172908618879,-0.15893609704876788,-0.6684846745306253,-0.4490500668675767,-1.0967646768162116,-0.36743055569971245,-0.741791499758425,1.0500984525414852,0.9340821195041653,-0.13972707114795316,-0.3521459468896017,0.3591888364420176,0.2842908198026446,0.9649424540262569,0.06141146533960252,0.8118118255268099,-1.001944960658827,2.1274295628361584,-0.5286338162557209,0.6714409291891258,-0.8173795279577042,0.6675393908371988,-0.4285421979254324,-0.43499366600978095,-0.39231503096987075,-0.856370747925679,0.06519708333317427,0.18919702155248427,1.910534630705794,-0.21804586515036994,0.19955349968222882,-0.7652371855472438,,-0.9428156057448158,-0.4568026030676847,0.02503433289980391
YWN3,-0.7916879152189655,-0.48147154715918444,-0.45815215174733637,-0.671055311533847,-1.1384447387896761,0.01366418933903443,-0.6684846745306253,-1.782886785299392,-1.3729755710079294,-0.3753980556516392,0.819015810060591,1.0500984525414852,0.9340821195041653,0.4049529673745289,-0.02524845328919903,-0.8890270882416395,-0.6392935694039202,0.4071381517102108,0.06141146533960252,0.8118118255268099,-1.001944960658827,2.1274295628361584,0.9289778395202055,0.45990900779605914,1.1114281493513956,2.0921769478221712,-0.4285421979254324,-0.43499366600978095,1.772644945455958,-0.06673516960453436,1.5235669081776053,1.4745999862307018,1.910534630705794,-0.48644953756659653,0.19955349968222882,-0.7644610117373606,,-0.7541663621150652,-0.20484865451112724,-0.5722950163160762
