Name,X_EA,mean_A2B,X_Z,X_Rvdw,X_IEII,mean_X2X,A_Rvdw,mean_A2X,A_IEI,E_coh,A_ChiA,B_Hf,X_G,A_EA,std_A2X,A_ChiP,B_MP,std_B2X,OF,A_MP,B_Z,X_Kappa,A_Kappa,B_Kappa,B_Ra,A_Z,B_Rho,X_MV,A_CvM,A_G,B_EA,B_CvM,TF,std_X2X,A_B,std_A2B,B_ChiP,X_IEI,B_MV,B_IEI
AlBiO3,-0.4490500668675767,-0.9303292421635466,-0.36220405714056436,-0.15893609704876788,0.5713558484042306,0.4748268634320361,-1.5179158956416772,-0.4149756705139152,0.8492769934426458,-5.699699148339683,2.8320957871252754,-0.4267956449833793,0.1875186870247729,0.29015973321177085,1.685227819887046,2.1891108443651186,-0.8763832949270711,0.38606349872618695,-0.640492302331146,0.5387772185931886,1.4518059747588838,-0.36743055569971245,3.0627026582967307,-1.0000545798004203,0.748870175543916,-1.242015554113184,0.2123579609237968,0.3591888364420176,0.36787983521735285,3.39240949459789,0.12185541883098232,-0.5890269308599383,-0.18063213073678663,1.738662742311038,0.7257069527487126,0.43157544051806046,0.2500902190218291,-0.13972707114795316,1.1881006331686277,-0.4754053470236032
BaHfO3,-0.4490500668675767,-0.36941974533282274,-0.36220405714056436,-0.15893609704876788,0.5713558484042306,-0.8470350827048564,-0.031411258697335666,-0.6060703447521631,0.17785060411310089,-1.2151697631492056,0.013949732969792905,0.3350026010745977,0.1875186870247729,-1.314734030181664,-0.9990721113509434,-0.35359503656714303,0.9718766467275072,-1.1221536505463567,0.06358509297014818,0.660890883587452,1.035788632594176,-0.36743055569971245,-0.9832997880948108,-0.8316221362947711,0.5356687020794559,0.9136522088279629,0.7939644081675696,0.3591888364420176,-0.5535232849294756,-0.1197320998093373,-0.9428964174674724,-0.5522167188634416,0.31374990954118626,-1.1928947500599572,-0.45912072520836905,-0.7205654257996832,-1.1875541537982628,-0.13972707114795316,-0.10291636454105674,-0.8006503814886471
BaLiF3,1.4123489357201058,-0.6362155695713592,-0.26625596253379236,-0.4466032410284384,0.5426881507425069,-1.1182576087331668,-0.031411258697335666,-0.8771903804860146,0.17785060411310089,0.1282058644004702,0.013949732969792905,-0.8104874917924983,0.4554025256315916,-1.314734030181664,-0.9990721113509434,-0.35359503656714303,-0.9618521261401046,-1.1221536505463567,0.41942009453098034,0.660890883587452,-1.5737746955299001,-0.3555324224381685,-0.9832997880948108,-0.1354347031380878,0.10926575515053574,0.9136522088279629,-1.3108577911353194,-1.653641031634246,-0.5535232849294756,-0.1197320998093373,-0.2470717525180437,5.200215501316378,0.20874138851933308,-1.1928947500599572,-0.45912072520836905,-0.7205654257996832,-1.8265072083849705,2.1225636079289667,-0.1718143491710526,-1.8131610680110402
BaLiH3,-1.127913232517202,-0.676717434897744,-1.0338407193879684,-2.5753401064779977,,-1.1594314848762153,-0.031411258697335666,-0.9183486977344841,0.17785060411310089,0.9666994870546702,0.013949732969792905,-0.8104874917924983,-3.8307388920775076,-1.314734030181664,-0.9990721113509434,-0.35359503656714303,-0.9618521261401046,-1.1221536505463567,0.3823541994142509,0.660890883587452,-1.5737746955299001,1.2677129011010397,-0.9832997880948108,-0.1354347031380878,0.10926575515053574,0.9136522088279629,-1.3108577911353194,-1.581754250631522,-0.5535232849294756,-0.1197320998093373,-0.2470717525180437,5.200215501316378,0.19378207407208675,-1.1928947500599572,-0.45912072520836905,-0.7205654257996832,-1.8265072083849705,-0.15138532289765091,-0.1718143491710526,-1.8131610680110402
BaSeO3,-0.4490500668675767,-0.25688388856087796,-0.36220405714056436,-0.15893609704876788,0.5713558484042306,-0.0025960969421910604,-0.031411258697335666,-0.7622682800387369,0.17785060411310089,-0.2492460930936852,0.013949732969792905,-0.6358239197809452,0.1875186870247729,-1.314734030181664,-0.699702008812623,-0.35359503656714303,-0.9238712134932368,0.7913629763451508,-0.7813077813914052,0.660890883587452,-0.40136218579299643,-0.36743055569971245,-0.9832997880948108,-1.084046224961904,-1.1699430856362238,0.9136522088279629,-0.6050215248485423,0.3591888364420176,-0.5535232849294756,-0.1197320998093373,1.3337111272496183,-0.2560618314370808,1.1199337638935496,0.7109803400895165,-0.45912072520836905,-0.44263954321744725,1.308356215681063,-0.13972707114795316,0.3859312406908191,1.2671911889785528
BaTiO3,-0.4490500668675767,-0.6427051781433981,-0.36220405714056436,-0.15893609704876788,0.5713558484042306,-0.3878756888972581,-0.031411258697335666,-0.8176196486047016,0.17785060411310089,-0.7975872865209309,0.013949732969792905,-0.2827100316491875,0.1875186870247729,-1.314734030181664,-0.834523486001273,-0.35359503656714303,0.43952200407108555,1.0282227202348933,-0.3588613442106287,0.660890883587452,-0.855199286336314,-0.36743055569971245,-0.9832997880948108,-0.8428509658618144,-0.10393571831392436,0.9136522088279629,-0.6564269672111648,0.3591888364420176,-0.5535232849294756,-0.1197320998093373,-0.8541670977759346,0.08359603380332162,0.6951923981733793,0.4769995592313337,-0.45912072520836905,-0.5035264563540335,-0.7083393628582322,-0.13972707114795316,-0.5622362620743624,-0.7984958794902578
CaCO3,-0.4490500668675767,-0.08766893861560139,-0.36220405714056436,-0.15893609704876788,0.5713558484042306,-0.5492577999307504,-0.6861811583037719,0.5308315437243128,0.9597716435019001,-0.7121023953675566,0.6029884574039308,4.604556583579229,0.1875186870247729,-1.965685686227057,1.5674970445947736,0.034873917464174606,2.191110111501683,0.8382942173911012,-2.1492295779767767,0.8719696672089804,-1.460315420394071,-0.36743055569971245,2.41012161855616,0.4821509230492926,-3.088756346816363,-0.8910928950297415,-1.0254916816094797,0.3591888364420176,0.03548332722787656,-0.1197320998093373,0.85387230628617,0.39313645286477195,2.0168164798164576,0.3953974768501866,-0.45912072520836905,1.8955309578682187,1.308356215681063,-0.13972707114795316,-1.4398653520040718,2.332369913041244
CaSnO3,-0.4490500668675767,-0.052343547942318304,-0.36220405714056436,-0.15893609704876788,0.5713558484042306,-0.5053382927496057,-0.6861811583037719,0.237680423593461,0.9597716435019001,-0.2735563067076899,0.6029884574039308,-0.6140501411561988,0.1875186870247729,-1.965685686227057,1.3271812880185707,0.034873917464174606,-0.9134314091735322,1.1428420475399559,-0.016880895064285566,0.8719696672089804,0.2037539482647604,-0.36743055569971245,2.41012161855616,-0.3375536353448668,0.10926575515053574,-0.8910928950297415,-0.19460179111363068,0.3591888364420176,0.03548332722787656,-0.1197320998093373,0.3098214776512138,-0.41334182814938536,-0.27079924955825574,-0.4022562299938637,-0.45912072520836905,1.1724990543518627,0.13028652128682133,-0.13972707114795316,0.36460567401962946,-0.4341378038282253
CaTcN3,-1.782886785299392,0.5423399948163858,-0.45815215174733637,0.01366418933903443,-0.48147154715918444,0.3654899736611833,-0.6861811583037719,-0.17631021722544396,0.9597716435019001,-0.8433022113570441,0.6029884574039308,0.6232684963456975,-0.0803651515820458,-1.965685686227057,0.6199460566395295,0.034873917464174606,0.9002678806356699,1.205352304461182,-0.709659983826498,0.8719696672089804,-0.060984360385508196,-0.3753980556516392,2.41012161855616,-0.5172149084175593,-0.3171371917783835,-0.8910928950297415,0.4957469380510742,-0.8890270882416395,0.03548332722787656,-0.1197320998093373,-0.32412616172385295,,0.06288647537213483,1.4497724125414326,-0.45912072520836905,3.954205365751095,0.010482823551813568,0.4049529673745289,-0.8919623313750569,-0.47929051456168204
CaWN3,-1.782886785299392,-0.09776162614225656,-0.45815215174733637,0.01366418933903443,-0.48147154715918444,-0.2949859307202157,-0.6861811583037719,0.2043854051414731,0.9597716435019001,-1.0377487872646376,0.6029884574039308,1.5235669081776053,-0.0803651515820458,-1.965685686227057,0.93272411084275,0.034873917464174606,2.0921769478221712,1.0689098107441468,-0.5608530196532306,0.8719696672089804,1.1114281493513956,-0.3753980556516392,2.41012161855616,0.819015810060591,-0.3171371917783835,-0.8910928950297415,1.772644945455958,-0.8890270882416395,0.03548332722787656,-0.1197320998093373,-0.02524845328919903,-0.5722950163160762,-0.07014716395993628,0.8275763709757142,-0.45912072520836905,0.662083607396017,0.9289778395202055,0.4049529673745289,-0.7541663621150652,-0.06673516960453436
CdSnO3,-0.4490500668675767,-0.09536973534963208,-0.36220405714056436,-0.15893609704876788,0.5713558484042306,-0.5631132918774263,-0.9162354473546817,0.1659332448594982,3.458339203785849,0.15943552248317877,2.4740526409006036,-0.6140501411561988,0.1875186870247729,-2.098911543293342,1.3150272435727761,2.471633720024258,-0.9134314091735322,1.0939201720949867,-0.016880895064285566,-0.08390519309032034,0.2037539482647604,-0.36743055569971245,0.4896688444624787,-0.3375536353448668,0.10926575515053574,0.5125977413040287,-0.19460179111363068,0.3591888364420176,-0.5176244620666121,3.073123895106324,0.3098214776512138,-0.41334182814938536,-0.3434856439895354,-0.4582908422355315,1.910534630705794,1.1500190450864771,0.13028652128682133,-0.13972707114795316,0.36460567401962946,-0.4341378038282253
CsAuBr3,1.378505317491239,2.1085680533882223,2.22839449724228,1.7396670532170564,-2.0093282243361874,1.677839516402616,1.2958250242886833,1.9793199007878086,-0.9651200656890332,1.2285792383398288,-0.8407339064052304,-0.35844491382221866,0.4554025256315916,0.45880005861213174,-0.9201578051016533,-0.7067486311410681,-0.12926830943759074,-0.38215912067042784,0.28301912666609114,-0.6210181013613454,1.3005269412444447,0.6250012383122826,-0.6476866819425169,2.503340245117083,-0.3171371917783835,0.8635204003874712,1.7808829971166347,1.1499434274719789,-0.5029990157150751,-0.4390176993009034,1.6582736387528754,-0.5773145906792347,-0.6059774440746987,-0.1677145335104631,-0.45912072520836905,-0.7205654257996832,1.288388932725229,-1.212527638261307,-0.6327746749098343,0.8950203945944912
CsAuCl3,1.6213830483101663,1.7352216684911266,0.5013287943203837,1.1643327652577153,-1.5853972541236352,1.436259070187695,1.2958250242886833,1.6078083385631174,-0.9651200656890332,1.1182305072220173,-0.8407339064052304,-0.35844491382221866,0.4554025256315916,0.45880005861213174,-0.9288767274016096,-0.7067486311410681,-0.12926830943759074,-0.31350515773155463,0.5379343152504835,-0.6210181013613454,1.3005269412444447,-0.5552510878997988,-0.6476866819425169,2.503340245117083,-0.3171371917783835,0.8635204003874712,1.7808829971166347,0.3689915793060257,-0.5029990157150751,-0.4390176993009034,1.6582736387528754,-0.5773145906792347,-0.5422945493061394,0.03569130686249242,-0.45912072520836905,-0.7205654257996813,1.288388932725229,-0.5264644661108842,-0.6327746749098343,0.8950203945944912
CsAuI3,1.0858575598651539,2.711774493495292,3.955460200164176,2.4876016275641986,-2.4784828213990036,2.1888257548033305,1.2958250242886833,2.5878853363608507,-0.9651200656890332,1.3306077622219792,-0.8407339064052304,-0.35844491382221866,0.4554025256315916,0.45880005861213174,-0.9256328457298785,-0.7067486311410681,-0.12926830943759074,-0.38510999792852524,-0.05254195794318222,-0.6210181013613454,1.3005269412444447,4.120077883890814,-0.6476866819425169,2.503340245117083,-0.3171371917783835,0.8635204003874712,1.7808829971166347,3.090886514545518,-0.5029990157150751,-0.4390176993009034,1.6582736387528754,-0.5773145906792347,-0.6958645994700784,-0.35644215512577254,-0.45912072520836905,-0.7205654257996813,1.288388932725229,-2.022689026491669,-0.6327746749098343,0.8950203945944912
CsAuSe3,0.08846622264972197,0.7552101224362712,2.132446402635508,2.0273341971967254,-2.085813565403061,0.9128901074816598,1.2958250242886833,2.0028391519315654,-0.9651200656890332,0.9497778237218828,-0.8407339064052304,-0.35844491382221866,0.1875186870247729,0.45880005861213174,-0.10525205998356343,-0.7067486311410681,-0.12926830943759074,-0.14526045583582323,0.2519486558689364,-0.6210181013613454,1.3005269412444447,4.874334546006546,-0.6476866819425169,2.503340245117083,-0.3171371917783835,0.8635204003874712,1.7808829971166347,0.052036226703107986,-0.5029990157150751,-0.4390176993009034,1.6582736387528754,-0.5773145906792347,-0.6140013514198622,1.3403098159840172,-0.45912072520836905,0.6990152476922931,1.288388932725229,-2.4382346173679386,-0.6327746749098343,0.8950203945944912
CsBeH3,-1.127913232517202,-0.3690003461668023,-1.0338407193879684,-2.5753401064779977,,0.32140991585221645,1.2958250242886833,-0.11129923829181697,-0.9651200656890332,1.066177734928629,-0.8407339064052304,-0.5787860866443812,-3.8307388920775076,0.45880005861213174,-0.75083885639134,-0.7067486311410681,0.08053595300542775,1.6954086833415134,-2.1244708124277207,-0.6210181013613454,-1.5359549371512904,1.2677129011010397,-0.6476866819425169,1.0435924014014566,-1.596346032565143,0.8635204003874712,-1.0945265545259502,-1.581754250631522,-0.5029990157150751,-0.4390176993009034,-0.9428964174674724,2.260418115959792,3.9772060578661304,1.6845312148814633,-0.45912072520836905,-0.6005838617641739,-0.6484375139907282,-0.15138532289765091,-1.51204419304502,0.9636607090808809
CsBiO3,-0.4490500668675767,-0.009926821737160679,-0.36220405714056436,-0.15893609704876788,0.5713558484042306,-0.48157741819604966,1.2958250242886833,-0.24075078036430245,-0.9651200656890332,0.36619404091031815,-0.8407339064052304,-0.4267956449833793,0.1875186870247729,0.45880005861213174,-0.9990721113509434,-0.7067486311410681,-0.8763832949270711,-1.1221536505463567,0.8078954822886595,-0.6210181013613454,1.4518059747588838,-0.36743055569971245,-0.6476866819425169,-1.0000545798004203,0.748870175543916,0.8635204003874712,0.2123579609237968,0.3591888364420176,-0.5029990157150751,-0.4390176993009034,0.12185541883098232,-0.5890269308599383,0.3229412091851461,-1.1928947500599572,-0.45912072520836905,-0.7205654257996832,0.2500902190218291,-0.13972707114795316,1.1881006331686277,-0.4754053470236032
CsBrO3,-0.4490500668675767,0.47088169131144214,-0.36220405714056436,-0.15893609704876788,0.5713558484042306,0.7035069694899307,1.2958250242886833,0.5535613409588628,-0.9651200656890332,0.668910871218137,-0.8407339064052304,-0.7023286131891382,0.1875186870247729,0.45880005861213174,-0.5749882430498262,-0.7067486311410681,-1.1388859558900428,1.3914965610730288,-1.2238707155807902,-0.6210181013613454,-0.3635424274143866,-0.36743055569971245,-0.6476866819425169,-1.0885377567887213,-1.1699430856362238,0.8635204003874712,,0.3591888364420176,-0.5029990157150751,-0.4390176993009034,2.846779526200054,-6.353891598939128e-05,2.386849264072761,1.2137289091612913,-0.45912072520836905,-0.3210463119764344,2.1270148168702825,-0.13972707114795316,0.9371151177307859,2.7233590461915638
CsCaF3,1.4123489357201058,0.24960828344627328,-0.26625596253379236,-0.4466032410284384,0.5426881507425069,-0.21773608176666648,1.2958250242886833,0.02299085499431394,-0.9651200656890332,0.22578019284489212,-0.8407339064052304,-0.5482554622683781,0.4554025256315916,0.45880005861213174,-0.9990721113509434,-0.7067486311410681,-0.33875221687440876,-1.1221536505463567,2.870971403128706,-0.6210181013613454,-0.9308388030935336,-0.3555324224381685,-0.6476866819425169,1.1558806970718893,1.6016760694017553,0.8635204003874712,-1.143625342423583,-1.653641031634246,-0.5029990157150751,-0.4390176993009034,-0.9152268796162955,0.2893985826928265,-0.8288923085153732,-1.1928947500599572,-0.45912072520836905,-0.7205654257996832,-1.7865726424733013,2.1225636079289667,1.9902700256464367,-1.3035394036766228
CsCaH3,-1.127913232517202,0.325570195691004,-1.0338407193879684,-2.5753401064779977,,-0.1405138022210297,1.2958250242886833,0.10018395357815774,-0.9651200656890332,1.1041539693407278,-0.8407339064052304,-0.5482554622683781,-3.8307388920775076,0.45880005861213174,-0.9990721113509434,-0.7067486311410681,-0.33875221687440876,-1.1221536505463567,2.8056183775281567,-0.6210181013613454,-0.9308388030935336,1.2677129011010397,-0.6476866819425169,1.1558806970718893,1.6016760694017553,0.8635204003874712,-1.143625342423583,-1.581754250631522,-0.5029990157150751,-0.4390176993009034,-0.9152268796162955,0.2893985826928265,-0.8346694609039385,-1.1928947500599572,-0.45912072520836905,-0.7205654257996832,-1.7865726424733013,-0.15138532289765091,1.9902700256464367,-1.3035394036766228
CsCdCl3,1.6213830483101663,1.4889896633087771,0.5013287943203837,1.1643327652577153,-1.5853972541236352,1.0422092322882441,1.2958250242886833,1.2824600575398648,-0.9651200656890332,1.1483003514791483,-0.8407339064052304,-0.6585443844328546,0.4554025256315916,0.45880005861213174,-0.9990721113509434,-0.7067486311410681,-0.8294418643126588,-1.1221536505463567,1.1380949994852096,-0.6210181013613454,0.12811443150754082,-0.5552510878997988,-0.6476866819425169,-0.0006887483335684428,0.5356687020794559,0.8635204003874712,0.02617799339250407,0.3689915793060257,-0.5029990157150751,-0.4390176993009034,-0.9428964174674724,-0.40664906233184045,-0.9426824596217472,-1.1928947500599572,-0.45912072520836905,-0.7205654257996832,-0.40883011852071316,-0.5264644661108842,-0.1750952055820047,0.7313418181857098
CsCdF3,1.4123489357201058,0.220665505513216,-0.26625596253379236,-0.4466032410284384,0.5426881507425069,-0.24715908103468198,1.2958250242886833,-0.00642102583194453,-0.9651200656890332,0.7221001372462288,-0.8407339064052304,-0.6585443844328546,0.4554025256315916,0.45880005861213174,-0.9990721113509434,-0.7067486311410681,-0.8294418643126588,-1.1221536505463567,2.744167025097789,-0.6210181013613454,0.12811443150754082,-0.3555324224381685,-0.6476866819425169,-0.0006887483335684428,0.5356687020794559,0.8635204003874712,0.02617799339250407,-1.653641031634246,-0.5029990157150751,-0.4390176993009034,-0.9428964174674724,-0.40664906233184045,-0.7599968906920869,-1.1928947500599572,-0.45912072520836905,-0.7205654257996832,-0.40883011852071316,2.1225636079289667,-0.1750952055820047,0.7313418181857098
CsGeCl3,1.6213830483101663,1.7249687264920803,0.5013287943203837,1.1643327652577153,-1.5853972541236352,1.158412961692193,1.2958250242886833,1.6529294802838588,-0.9651200656890332,0.9014453636823416,-0.8407339064052304,0.7960386963029247,0.4554025256315916,0.45880005861213174,-0.8813908094094081,-0.7067486311410681,-0.24792215041055196,-0.4408227753388577,-0.602370984795496,-0.6210181013613454,-0.477001702550216,-0.5552510878997988,-0.6476866819425169,-0.4161554423141698,-0.7435401387073036,0.8635204003874712,-0.5219819641089215,0.3689915793060257,-0.5029990157150751,-0.4390176993009034,0.4464179303342393,-0.257735022891467,0.3921540854776867,-0.5882169563057588,-0.45912072520836905,-0.4654012084922682,0.23012293606599404,-0.5264644661108842,-0.07174822863701077,-0.041728818541261786
CsIO3,-0.4490500668675767,0.37625920040729843,-0.36220405714056436,-0.15893609704876788,0.5713558484042306,0.28876321945832234,1.2958250242886833,0.32982702183361173,-0.9651200656890332,0.5500382278378031,-0.8407339064052304,-0.5851762173277307,0.1875186870247729,0.45880005861213174,-0.8347723625520675,-0.7067486311410681,-1.0248301514766625,-0.03031221746381181,1.0291769493833514,-0.6210181013613454,0.3172132234005898,-0.36743055569971245,-0.6476866819425169,-1.0848434718611641,-0.10393571831392436,0.8635204003874712,-0.5850854398297048,0.3591888364420176,-0.5029990157150751,-0.4390176993009034,2.503537157919631,-0.43509331705640614,0.15288869015566342,1.1417887771865944,-0.45912072520836905,-0.6301491186650257,1.5279963281952444,-0.13972707114795316,1.9115294717835842,1.7608688321307913
CsMgBr3,1.378505317491239,1.848452937186226,2.22839449724228,1.7396670532170564,-2.0093282243361874,1.1359864228623944,1.2958250242886833,1.8126611097240097,-0.9651200656890332,1.0545638248614542,-0.8407339064052304,-0.5510955203498666,0.4554025256315916,0.45880005861213174,-0.7973632922783289,-0.7067486311410681,-0.519658573316945,-1.122148825699084,-0.7977294116025136,-0.6210181013613454,-1.233396870122412,0.6250012383122826,-0.6476866819425169,0.7067275143901581,0.3224672286149958,0.8635204003874712,-1.1126502681794388,1.1499434274719789,-0.5029990157150751,-0.4390176993009034,-0.9428964174674724,0.9185185695420444,0.29369558480605557,-0.7994203981507604,-0.45912072520836905,-0.7205654257996832,-1.1675868708424282,-1.212527638261307,-0.011052385034395493,-0.22058427214197587
CsMgCl3,1.6213830483101663,1.4191228842487398,0.5013287943203837,1.1643327652577153,-1.5853972541236352,0.5443396817896186,1.2958250242886833,1.3959229331936849,-0.9651200656890332,0.884925393148795,-0.8407339064052304,-0.5510955203498666,0.4554025256315916,0.45880005861213174,-0.7926363174393026,-0.7067486311410681,-0.519658573316945,-1.1221536249570785,-0.6323790190072325,-0.6210181013613454,-1.233396870122412,-0.5552510878997988,-0.6476866819425169,0.7067275143901581,0.3224672286149958,0.8635204003874712,-1.1126502681794388,0.3689915793060257,-0.5029990157150751,-0.4390176993009034,-0.9428964174674724,0.9185185695420444,0.4205355085437229,-0.7425565206875524,-0.45912072520836905,-0.7205654257996832,-1.1675868708424282,-0.5264644661108842,-0.011052385034395493,-0.22058427214197587
CsPbF3,1.4123489357201058,0.6844694436147403,-0.26625596253379236,-0.4466032410284384,0.5426881507425069,0.816221614424706,1.2958250242886833,0.24176700311637142,-0.9651200656890332,0.4931503619869644,-0.8407339064052304,-0.7265164411831501,0.4554025256315916,0.45880005861213174,-0.5985518067359312,-0.7067486311410681,-0.8234210746373056,-1.0841503477765757,2.236949512974122,-0.6210181013613454,1.413986216380274,-0.3555324224381685,-0.6476866819425169,-0.6968761814902518,1.6016760694017553,0.8635204003874712,0.4693851727369089,-1.653641031634246,-0.5029990157150751,-0.4390176993009034,-0.5331070594183961,-0.5756413992248486,-0.4677132999266295,0.17110368145120586,-0.45912072520836905,-0.5469093052173533,0.8690759906527021,2.1225636079289667,0.68777003049842,-0.38277588897482023
CsReO3,-0.4490500668675767,-0.6097478579644046,-0.36220405714056436,-0.15893609704876788,0.5713558484042306,-1.09135074232806,1.2958250242886833,-0.8502936817196404,-0.9651200656890332,-0.40362916520616665,-0.8407339064052304,0.6606625944186315,0.1875186870247729,0.45880005861213174,-0.999072111350943,-0.7067486311410681,1.8698128846948874,-1.1221536505463563,-0.45944382925367055,-0.6210181013613454,1.1492479077300055,-0.36743055569971245,-0.6476866819425169,-0.5509013971186891,-0.3171371917783835,0.8635204003874712,2.064271974243912,0.3591888364420176,-0.5029990157150751,-0.4390176993009034,-0.7736102154244068,-0.563929059044145,1.4835917041155335,-1.1928947500599565,-0.45912072520836905,-0.7205654257996832,0.010482823551813568,-0.13972707114795316,-0.854232482649107,-0.08828725352940539
CsSbO3,-0.4490500668675767,-0.3816365030286277,-0.36220405714056436,-0.15893609704876788,0.5713558484042306,-0.859454542010822,1.2958250242886833,-0.6184851109595875,-0.9651200656890332,0.2467994890434789,-0.8407339064052304,-0.01574457198925281,0.1875186870247729,0.45880005861213174,-0.9990721113509434,-0.7067486311410681,-0.537768053373328,-1.1221536505463567,-0.37897784121923683,-0.6210181013613454,0.24157370664337022,-0.36743055569971245,-0.6476866819425169,-0.8203933067277278,0.10926575515053574,0.8635204003874712,-0.29560030447352664,0.3591888364420176,-0.5029990157150751,-0.4390176993009034,0.26195434465972633,-0.4468056572371097,1.3987513179171216,-1.1928947500599572,-0.45912072520836905,-0.7205654257996832,0.30999206788933253,-0.13972707114795316,0.6762870330600873,0.4590763410581078
CsSnS3,0.13823624945687923,1.2383299855527932,0.4053806997136117,1.4519999092373859,-1.676134427321474,0.6920608802876542,1.2958250242886833,1.0085019556808754,-0.9651200656890332,0.6546632912015734,-0.8407339064052304,-0.6140501411561988,0.1875186870247729,0.45880005861213174,-0.8807533967341502,-0.7067486311410681,-0.9134314091735322,-0.2760652764527852,-0.756162160130645,-0.6210181013613454,0.2037539482647604,1.5279845661973133,-0.6476866819425169,-0.3375536353448668,0.10926575515053574,0.8635204003874712,-0.19460179111363068,-0.23877847826245682,-0.5029990157150751,-0.4390176993009034,0.3098214776512138,-0.41334182814938536,0.47914430089147386,0.4294711493221756,-0.45912072520836905,-0.7104222905136562,0.13028652128682133,-2.076945948619474,0.36460567401962946,-0.4341378038282253
CsSrBr3,1.378505317491239,2.416616279483633,2.22839449724228,1.7396670532170564,-2.0093282243361874,2.522490939582799,1.2958250242886833,1.8323686193563937,-0.9651200656890332,0.9027102299387408,-0.8407339064052304,-0.6007965367759184,0.4554025256315916,0.45880005861213174,0.05645050065309155,-0.7067486311410681,-0.39999655629505904,-1.0689963101676354,0.47699963353481495,-0.6210181013613454,-0.2500831522785572,0.6250012383122826,-0.6476866819425169,-0.6968761814902518,2.4544819632595947,0.8635204003874712,-0.9656834265529669,1.1499434274719789,-0.5029990157150751,-0.4390176993009034,-0.8841716177242572,-0.2811597032528741,-0.7438009458042659,-0.7020757194783099,-0.45912072520836905,0.24267276831955628,-1.8864090572524743,-1.212527638261307,3.2599614566849318,-1.5990311187409596
CsWO3,-0.4490500668675767,-0.5774127039794855,-0.36220405714056436,-0.15893609704876788,0.5713558484042306,-1.0584790803808208,1.2958250242886833,-0.8174344414040469,-0.9651200656890332,-0.587869239472206,-0.8407339064052304,1.5235669081776053,0.1875186870247729,0.45880005861213174,-0.9990721113509434,-0.7067486311410681,2.0921769478221712,-1.1221536505463567,-0.2985118531848034,-0.6210181013613454,1.1114281493513956,-0.36743055569971245,-0.6476866819425169,0.819015810060591,-0.3171371917783835,0.8635204003874712,1.772644945455958,0.3591888364420176,-0.5029990157150751,-0.4390176993009034,-0.02524845328919903,-0.5722950163160762,1.3156335791542102,-1.1928947500599572,-0.45912072520836905,-0.7205654257996832,0.9289778395202055,-0.13972707114795316,-0.7541663621150652,-0.06673516960453436
InBO3,-0.4490500668675767,-0.5671263966195699,-0.36220405714056436,-0.15893609704876788,0.5713558484042306,-0.9261453368817417,-1.3586475416833552,-0.07364579987953432,0.6763185880559978,-0.46547111857799844,2.997642618175392,1.4236915323119206,0.1875186870247729,-0.47434307526986536,1.3826064293068676,2.789471955140791,0.823948011511475,0.5041650722083568,-1.7066666437873916,-0.3857845630227794,-1.4981351787726807,-0.36743055569971245,0.20999125600223387,-0.786706818026598,-2.449151926422983,0.5627295497445204,-0.9936928021992676,0.3591888364420176,-0.5149652900026962,3.39240949459789,-0.6311763074985169,0.9235381439052033,0.1375008673088054,-0.17760607173144982,0.7257069527487126,1.2843653365154584,0.29002478493349837,-0.13972707114795316,-1.5875038904969199,0.23983280491381667
InGaO3,-0.4490500668675767,-0.38971907847436715,-0.36220405714056436,-0.15893609704876788,0.5713558484042306,0.6367121305271817,-1.3586475416833552,-1.38757749057948,0.6763185880559978,-0.032561903314115306,2.997642618175392,-0.6881283227816949,0.1875186870247729,-0.47434307526986536,0.0031373102753013736,2.789471955140791,-1.103920149183884,1.320994958645979,-0.2985118531848034,-0.3857845630227794,-0.5148214609288259,-0.36743055569971245,0.20999125600223387,-0.7642491588925114,-0.5303386652428436,0.5627295497445204,-0.4262558038118586,0.3591888364420176,-0.5149652900026962,3.39240949459789,-0.605491504429914,-0.16905587580899745,-1.092979531746245,1.3503414757789312,0.7257069527487126,-0.7205654257996832,-0.16922272305069763,-0.13972707114795316,-0.3719465902391357,-1.3839687292617397
KCaBr3,1.378505317491239,1.7613643723035308,2.22839449724228,1.7396670532170564,-2.0093282243361874,2.2387531998135195,0.09246412771469249,1.1960912035708575,-0.5776200498358591,0.8878592370748323,-0.5519894336433984,-0.5482554622683781,0.4554025256315916,0.6218190398324805,0.10434592761515987,-0.6008025527688909,-0.33875221687440876,-1.086243154388572,0.9203836492347559,-0.5568868604940741,-0.9308388030935336,0.6250012383122826,0.5456043621545277,1.1558806970718893,1.6016760694017553,-0.9412247034702333,-1.143625342423583,1.1499434274719789,0.1817377907432461,-0.4390176993009034,-0.9152268796162955,0.2893985826928265,-1.396337054236548,-0.32958764687874337,-0.45912072520836905,0.2182983832831728,-1.7865726424733013,-1.212527638261307,1.9902700256464367,-1.3035394036766228
KMgF3,1.4123489357201058,-0.6198833572410863,-0.26625596253379236,-0.4466032410284384,0.5426881507425069,-1.1016544107764907,0.09246412771469249,-0.8605934565902451,-0.5776200498358591,0.31077092898195113,-0.5519894336433984,-0.5510955203498666,0.4554025256315916,0.6218190398324805,-0.9990721113509434,-0.6008025527688909,-0.519658573316945,-1.1221536505463567,0.2503475904897579,-0.5568868604940741,-1.233396870122412,-0.3555324224381685,0.5456043621545277,0.7067275143901581,0.3224672286149958,-0.9412247034702333,-1.1126502681794388,-1.653641031634246,0.1817377907432461,-0.4390176993009034,-0.9428964174674724,0.9185185695420444,0.42228938761647394,-1.1928947500599572,-0.45912072520836905,-0.7205654257996832,-1.1675868708424282,2.1225636079289667,-0.011052385034395493,-0.22058427214197587
KMgH3,-1.127913232517202,-0.6737994304857983,-1.0338407193879684,-2.5753401064779977,,-1.156465064656455,0.09246412771469249,-0.9153833984735402,-0.5776200498358591,1.1669947379679122,-0.5519894336433984,-0.5510955203498666,-3.8307388920775076,0.6218190398324805,-0.9990721113509434,-0.6008025527688909,-0.519658573316945,-1.1221536505463567,0.21523253195811892,-0.5568868604940741,-1.233396870122412,1.2677129011010397,0.5456043621545277,0.7067275143901581,0.3224672286149958,-0.9412247034702333,-1.1126502681794388,-1.581754250631522,0.1817377907432461,-0.4390176993009034,-0.9428964174674724,0.9185185695420444,0.405448096652224,-1.1928947500599572,-0.45912072520836905,-0.7205654257996832,-1.1675868708424282,-0.15138532289765091,-0.011052385034395493,-0.22058427214197587
KNbO3,-0.4490500668675767,-0.6621781077116032,-0.36220405714056436,-0.15893609704876788,0.5713558484042306,-0.397953287162494,0.09246412771469249,-0.8378343428788284,-0.5776200498358591,-0.766155276358762,-0.5519894336433984,0.4675386448774022,0.1875186870247729,0.6218190398324805,-0.808725221509511,-0.6008025527688909,1.2017784747065636,1.0131727608443217,-0.21804586515036994,-0.5568868604940741,-0.1366238771427278,-0.36743055569971245,0.5456043621545277,-0.48352841971642946,0.10926575515053574,-0.9412247034702333,0.0129971107354214,0.3591888364420176,0.1817377907432461,-0.4390176993009034,0.062313375353766,-0.349760552882709,0.6380850627189586,0.4625050996230867,-0.45912072520836905,-0.4960922113801974,-0.5885356651232244,-0.13972707114795316,-0.5310681261703167,-0.8474277986471193
KSbO3,-0.4490500668675767,0.5990415222402238,-0.36220405714056436,-0.15893609704876788,0.5713558484042306,0.29083828721257315,0.09246412771469249,0.17901786323517482,-0.5776200498358591,0.0504180030007623,-0.5519894336433984,-0.01574457198925281,0.1875186870247729,0.6218190398324805,0.8021362101315115,-0.6008025527688909,-0.537768053373328,-1.1053336598335666,-0.37897784121923683,-0.5568868604940741,0.24157370664337022,-0.36743055569971245,0.5456043621545277,-0.8203933067277278,0.10926575515053574,-0.9412247034702333,-0.29560030447352664,0.3591888364420176,0.1817377907432461,-0.4390176993009034,0.26195434465972633,-0.4468056572371097,0.7904221091384174,1.036505837149771,-0.45912072520836905,1.214705674053266,0.30999206788933253,-0.13972707114795316,0.6762870330600873,0.4590763410581078
KTaO3,-0.4490500668675767,-0.6646284231050894,-0.36220405714056436,-0.15893609704876788,0.5713558484042306,-1.147141891045626,0.09246412771469249,-0.9060637479285225,-0.5776200498358591,-0.8257586196099029,-0.5519894336433984,0.7785250048004113,0.1875186870247729,0.6218190398324805,-0.9990721113509434,-0.6008025527688909,1.7105776022011967,-1.1221536505463567,-0.21804586515036994,-0.5568868604940741,1.0736083909727858,-0.36743055569971245,0.5456043621545277,-0.4498419310152996,0.10926575515053574,-0.9412247034702333,1.3442662591007712,0.3591888364420176,0.1817377907432461,-0.4390176993009034,-0.5809741924098837,-0.5589094846809863,0.6380850627189586,-1.1928947500599572,-0.45912072520836905,-0.7205654257996832,-0.7882084946815706,-0.13972707114795316,-0.5277872697593646,-0.28886785760895983
KZnF3,1.4123489357201058,-0.49011070611466967,-0.26625596253379236,-0.4466032410284384,0.5426881507425069,-0.9697285594317246,0.09246412771469249,-0.7287174577394775,-0.5776200498358591,0.6261456597569153,-0.5519894336433984,-0.6179315538675667,0.4554025256315916,0.6218190398324805,-0.9990721113509434,-0.6008025527688909,-0.7366708233994708,-1.1221536505463567,0.3348838425103694,-0.5568868604940741,-0.5526412193074356,-0.3555324224381685,0.5456043621545277,0.257574331708427,-0.3171371917783835,-0.9412247034702333,-0.22261116675993134,-1.653641031634246,0.1817377907432461,-0.4390176993009034,-0.9428964174674724,-0.14395800399320413,0.35107323613157443,-1.1928947500599572,-0.45912072520836905,-0.7205654257996832,-0.4886992503440517,2.1225636079289667,-0.8050196364848241,1.0141671806818116
LaAlO3,-0.4490500668675767,-1.0124145960169202,-0.36220405714056436,-0.15893609704876788,0.5713558484042306,0.41171401514259387,-0.4738233530260087,0.5193097834644471,0.49464148587209683,-0.8997388087924072,0.8185843303994323,-0.4455400283212045,0.1875186870247729,0.5993336631124325,1.4139944036502887,0.3880275120381001,-0.5097935235671879,1.0099936874611137,-0.640492302331146,1.0151361465348867,-1.1955771117438023,-0.36743055569971245,-1.0765256509148924,1.5488897319184043,-0.7435401387073036,0.9637840172684548,-0.9541501542280196,0.3591888364420176,-0.5654895592170966,0.19955349968222882,-0.44671272182400396,0.7076964462893811,0.317568514383705,1.6173668592980341,3.0953623086628754,-0.684233645775024,-0.5685683821673898,-0.13972707114795316,-0.6672236672248324,-1.3935283605877076
LaCoN3,-1.782886785299392,-0.49510686667306697,-0.45815215174733637,0.01366418933903443,-0.48147154715918444,0.051842656688026005,-0.4738233530260087,0.7107815602618162,0.49464148587209683,-0.8634270266647772,0.8185843303994323,-0.18567471386499143,-0.0803651515820458,0.5993336631124325,0.9315911413207819,0.3880275120381001,0.2765178391515086,1.148426441113227,-0.8212652069564489,1.0151361465348867,-0.666100494443265,-0.3753980556516392,-1.0765256509148924,0.032997740367561396,-0.3171371917783835,0.9637840172684548,0.06736825169588742,-0.8890270882416395,-0.5654895592170966,0.19955349968222882,-0.19920461952655613,-0.08874268599845896,0.21584651014329062,1.5825385982948799,3.0953623086628754,1.77181778622835,-0.02945174235985569,0.4049529673745289,-1.213486259648371,-0.0547405978233374
LaCrO3,-0.4490500668675767,-1.022462832196611,-0.36220405714056436,-0.15893609704876788,0.5713558484042306,-0.3273379983426922,-0.4738233530260087,-0.42985337270311974,0.49464148587209683,-1.1009357391044876,0.8185843303994323,0.041529932654102035,0.1875186870247729,0.5993336631124325,0.8733924984392183,0.3880275120381001,0.6647127290177842,0.8891261506066995,-0.3186283501934118,1.0151361465348867,-0.7795597695790945,-0.36743055569971245,-1.0765256509148924,-0.03437523703469828,-0.10393571831392436,0.9637840172684548,-0.22261116675993134,0.3591888364420176,-0.5654895592170966,0.19955349968222882,-0.192199673235119,-0.0418933252756448,0.028269197758226727,0.7446118552000803,3.0953623086628754,-0.4139789773507141,-0.46873196738821704,-0.13972707114795316,-1.1216222801417097,-0.8420168198577216
LaScO3,-0.4490500668675767,-0.8461912036888815,-0.36220405714056436,-0.15893609704876788,0.5713558484042306,-0.04400310558074554,-0.4738233530260087,-0.18874034910070436,0.49464148587209683,-1.0680497152103243,0.8185843303994323,-0.28507674671709476,0.1875186870247729,0.5993336631124325,1.0357119034298243,0.3880275120381001,0.3198599870491996,0.8322704316952976,0.20440057203040693,1.0151361465348867,-0.8930190447149238,-0.36743055569971245,-1.0765256509148924,-0.9102239432640741,0.748870175543916,0.9637840172684548,-0.9071932597621626,0.3591888364420176,-0.5654895592170966,0.19955349968222882,-0.7315805376757835,0.1572164577963151,-0.39471885438421817,0.7170206515933674,3.0953623086628754,-0.4393642815743001,-1.067750456063255,-0.13972707114795316,0.15299043551321373,-0.9868417377953524
LiAsO3,-0.4490500668675767,-0.7150226568630712,-0.36220405714056436,-0.15893609704876788,0.5713558484042306,-0.18678266211329234,-1.553308863187971,-0.4335200976157304,0.33402300282274633,-0.04390164734198728,0.133297448378017,0.20435992932611904,0.1875186870247729,1.251409587993828,1.1573881724813933,-0.0357568014506105,-0.3623077320361973,1.0770804128268823,-0.9422397574602724,-0.34184346667582816,-0.4391819441716062,-0.36743055569971245,0.26592677369428286,-0.5284437379846025,-1.1699430856362238,-1.743333638518102,-0.45541850669065403,0.3591888364420176,3.9378183310243284,-0.4390176993009034,-0.032253399580636166,-0.242676299801991,-0.5895217267974389,1.4691007263046538,-0.45912072520836905,1.062266423618173,0.5695667463151831,-0.13972707114795316,-0.1832973466093853,1.29276971926107
LiNbO3,-0.4490500668675767,-0.8848798637474514,-0.36220405714056436,-0.15893609704876788,0.5713558484042306,-0.2124684492625376,-1.553308863187971,-0.4768007184126647,0.33402300282274633,-0.8633360538433175,0.133297448378017,0.4675386448774022,0.1875186870247729,1.251409587993828,1.176558961492626,-0.0357568014506105,1.2017784747065636,0.8362477424829541,-0.21804586515036994,-0.34184346667582816,-0.1366238771427278,-0.36743055569971245,0.26592677369428286,-0.48352841971642946,0.10926575515053574,-1.743333638518102,0.0129971107354214,0.3591888364420176,3.9378183310243284,-0.4390176993009034,0.062313375353766,-0.349760552882709,-1.1502193952485906,1.1317880152892756,-0.45912072520836905,1.0146779461366802,-0.5885356651232244,-0.13972707114795316,-0.5310681261703167,-0.8474277986471193
LiSbO3,-0.4490500668675767,-0.6465963172011919,-0.36220405714056436,-0.15893609704876788,0.5713558484042306,-0.3272603483075607,-1.553308863187971,-0.33115394195161146,0.33402300282274633,-0.0542354736834285,0.133297448378017,-0.01574457198925281,0.1875186870247729,1.251409587993828,1.0591988228096454,-0.0357568014506105,-0.537768053373328,0.9589960562222987,-0.37897784121923683,-0.34184346667582816,0.24157370664337022,-0.36743055569971245,0.26592677369428286,-0.8203933067277278,0.10926575515053574,-1.743333638518102,-0.29560030447352664,0.3591888364420176,3.9378183310243284,-0.4390176993009034,0.26195434465972633,-0.4468056572371097,-1.0345655171976977,0.5014244082507843,-0.45912072520836905,-0.7107665468978537,0.30999206788933253,-0.13972707114795316,0.6762870330600873,0.4590763410581078
LiTaO3,-0.4490500668675767,-0.9047801488698889,-0.36220405714056436,-0.15893609704876788,0.5713558484042306,-0.24317694603723272,-1.553308863187971,-0.4819452198349087,0.33402300282274633,-0.9181572550759306,0.133297448378017,0.7785250048004113,0.1875186870247729,1.251409587993828,1.1840833591152724,-0.0357568014506105,1.7105776022011967,0.8109522252983297,-0.21804586515036994,-0.34184346667582816,1.0736083909727858,-0.36743055569971245,0.26592677369428286,-0.4498419310152996,0.10926575515053574,-1.743333638518102,1.3442662591007712,0.3591888364420176,3.9378183310243284,-0.4390176993009034,-0.5809741924098837,-0.5589094846809863,-1.1502193952485906,1.1077507397197397,-0.45912072520836905,1.044996027292313,-0.7882084946815706,-0.13972707114795316,-0.5277872697593646,-0.28886785760895983
MgCO3,-0.4490500668675767,-0.8393116742074141,-0.36220405714056436,-0.15893609704876788,0.5713558484042306,-1.2310440985713742,-1.7125772171462934,-0.3710307593951261,2.289498672197517,-0.5861543578711806,1.6001193700081244,4.604556583579229,0.1875186870247729,-2.098911543293342,1.2742972515709932,1.1296500606433428,2.191110111501683,0.47795933299309884,-2.1492295779767767,0.5195598719452111,-1.460315420394071,-0.36743055569971245,1.664314715995507,0.4821509230492926,-3.088756346816363,-1.292147362553676,-1.0254916816094797,0.3591888364420176,0.5354076752440488,-0.1197320998093373,0.85387230628617,0.39313645286477195,0.5438339171693459,-0.1294411012378487,-0.45912072520836905,1.252797238161522,1.308356215681063,-0.13972707114795316,-1.4398653520040718,2.332369913041244
MgSiO3,-0.4490500668675767,-1.5805475286625252,-0.36220405714056436,-0.15893609704876788,0.5713558484042306,0.23908894609462722,-1.7125772171462934,-0.05058639688344239,2.289498672197517,-0.48618755302132216,1.6001193700081244,1.4241648753255018,0.1875186870247729,-2.098911543293342,1.2029209924582691,1.1296500606433428,0.20019797002731368,1.0218747891977613,-1.1836377215635732,0.5195598719452111,-1.1577573533651924,-0.36743055569971245,1.664314715995507,0.5944392187197254,-1.383144559100683,-1.292147362553676,-1.015111736517027,0.3591888364420176,0.5354076752440488,-0.1197320998093373,0.6168716234258779,0.39815602722793064,-0.46172217893108214,1.7340175589077016,-0.45912072520836905,-0.3471637037229716,0.010482823551813568,-0.13972707114795316,-0.32929545689675727,0.13645909263700132
MgTiO3,-0.4490500668675767,-0.6937921063108807,-0.36220405714056436,-0.15893609704876788,0.5713558484042306,-0.2700787523105648,-1.7125772171462934,-0.5235769751300016,2.289498672197517,-0.7279902994053735,1.6001193700081244,-0.2827100316491875,0.1875186870247729,-2.098911543293342,1.1875914658403541,1.1296500606433428,0.43952200407108555,0.8263765782477327,-0.3588613442106287,0.5195598719452111,-0.855199286336314,-0.36743055569971245,1.664314715995507,-0.8428509658618144,-0.10393571831392436,-1.292147362553676,-0.6564269672111648,0.3591888364420176,0.5354076752440488,-0.1197320998093373,-0.8541670977759346,0.08359603380332162,-1.1251277406273483,1.1761707469470433,-0.45912072520836905,0.9076869415862836,-0.7083393628582322,-0.13972707114795316,-0.5622362620743624,-0.7984958794902578
NaBiO3,-0.4490500668675767,0.15507851156463992,-0.36220405714056436,-0.15893609704876788,0.5713558484042306,-0.271604024257369,-0.7569670933963597,0.49074097866176924,0.11489071920273645,0.225173831807084,-0.03224938267210029,-0.4267956449833793,0.1875186870247729,0.8691581837530098,1.4077681486353486,-0.21233359873757285,-0.8763832949270711,1.262484823565712,0.26475006305623194,-0.49385690023700196,1.4518059747588838,-0.36743055569971245,1.2914112647151805,-1.0000545798004203,0.748870175543916,-1.3422791709941677,0.2123579609237968,0.3591888364420176,0.8079728117954195,-0.4390176993009034,0.12185541883098232,-0.5890269308599383,-0.3698961822505071,-0.3158910233634784,-0.45912072520836905,1.255689744924484,0.2500902190218291,-0.13972707114795316,1.1881006331686277,-0.4754053470236032
NaCdF3,1.4123489357201058,-0.20923079834601696,-0.26625596253379236,-0.4466032410284384,0.5426881507425069,-0.4161159661744423,-0.7569670933963597,0.22953693706847175,0.11489071920273645,0.718602300841425,-0.03224938267210029,-0.6585443844328546,0.4554025256315916,0.8691581837530098,1.4806729478770828,-0.21233359873757285,-0.8294418643126588,0.9115040124714915,1.222514488726787,-0.49385690023700196,0.12811443150754082,-0.3555324224381685,1.2914112647151805,-0.0006887483335684428,0.5356687020794559,-1.3422791709941677,0.02617799339250407,-1.653641031634246,0.8079728117954195,-0.4390176993009034,-0.9428964174674724,-0.40664906233184045,-0.8726165779478852,-0.8012890338022886,-0.45912072520836905,1.5849394445078284,-0.40883011852071316,2.1225636079289667,-0.1750952055820047,0.7313418181857098
NaCoF3,1.4123489357201058,-0.9547386475095718,-0.26625596253379236,-0.4466032410284384,0.5426881507425069,-0.0311218169428384,-0.7569670933963597,0.4580988885133528,0.11489071920273645,0.3493839387438502,-0.03224938267210029,-0.18567471386499143,0.4554025256315916,0.8691581837530098,1.2621987558561594,-0.21233359873757285,0.2765178391515086,1.1738771118874796,0.35601790551552215,-0.49385690023700196,-0.666100494443265,-0.3555324224381685,1.2914112647151805,0.032997740367561396,-0.3171371917783835,-1.3422791709941677,0.06736825169588742,-1.653641031634246,0.8079728117954195,-0.4390176993009034,-0.19920461952655613,-0.08874268599845896,-0.27521533591943437,0.9305763555714204,-0.45912072520836905,0.06661638131260546,-0.02945174235985569,2.1225636079289667,-1.213486259648371,-0.0547405978233374
NaMgF3,1.4123489357201058,-1.1477595950321566,-0.26625596253379236,-0.4466032410284384,0.5426881507425069,0.3405313067103549,-0.7569670933963597,0.21136726788022342,0.11489071920273645,0.32150702383771373,-0.03224938267210029,-0.5510955203498666,0.4554025256315916,0.8691581837530098,1.1886312211830516,-0.21233359873757285,-0.519658573316945,1.140808820363978,0.2503475904897579,-0.49385690023700196,-1.233396870122412,-0.3555324224381685,1.2914112647151805,0.7067275143901581,0.3224672286149958,-1.3422791709941677,-1.1126502681794388,-1.653641031634246,0.8079728117954195,-0.4390176993009034,-0.9428964174674724,0.9185185695420444,-0.19400423100284853,1.5366008335490975,-0.45912072520836905,-0.08225056337656836,-1.1675868708424282,2.1225636079289667,-0.011052385034395493,-0.22058427214197587
NaMnF3,1.4123489357201058,-0.9741589290212843,-0.26625596253379236,-0.4466032410284384,0.5426881507425069,-0.09233037591507737,-0.7569670933963597,-0.27643753696903,0.11489071920273645,0.039956562914501975,-0.03224938267210029,-0.34140456533328667,0.4554025256315916,0.8691581837530098,1.1426508329283365,-0.21233359873757285,0.04190490814009449,0.6861491450026643,0.7152969766031197,-0.49385690023700196,-0.7417400112004846,-0.3555324224381685,1.2914112647151805,-1.002300345713829,-0.10393571831392436,-1.3422791709941677,-0.16824002579946534,-1.653641031634246,0.8079728117954195,-0.4390176993009034,-0.9428964174674724,0.008302418355941709,-0.5369723582439567,0.6440976035412149,-0.45912072520836905,-0.42253646752419877,-0.6883720799023976,2.1225636079289667,-1.1019371416759969,-0.3704916956135116
NaNbO3,-0.4490500668675767,-0.7653028787580867,-0.36220405714056436,-0.15893609704876788,0.5713558484042306,0.003938362989004322,-0.7569670933963597,-0.1596067953489025,0.11489071920273645,-0.7944243884631448,-0.03224938267210029,0.4675386448774022,0.1875186870247729,0.8691581837530098,1.056688064679009,-0.21233359873757285,1.2017784747065636,1.0182337057025852,-0.21804586515036994,-0.49385690023700196,-0.1366238771427278,-0.36743055569971245,1.2914112647151805,-0.48352841971642946,0.10926575515053574,-1.3422791709941677,0.0129971107354214,0.3591888364420176,0.8079728117954195,-0.4390176993009034,0.062313375353766,-0.349760552882709,0.017146014813559304,1.1560976139111776,-0.45912072520836905,-0.09909736546858285,-0.5885356651232244,-0.13972707114795316,-0.5310681261703167,-0.8474277986471193
NaSbO3,-0.4490500668675767,-0.06207905057494547,-0.36220405714056436,-0.15893609704876788,0.5713558484042306,-0.4475935916113079,-0.7569670933963597,0.3191630944753631,0.11489071920273645,0.01318312338049775,-0.03224938267210029,-0.01574457198925281,0.1875186870247729,0.8691581837530098,1.2873001585472785,-0.21233359873757285,-0.537768053373328,1.3880761381621527,-0.37897784121923683,-0.49385690023700196,0.24157370664337022,-0.36743055569971245,1.2914112647151805,-0.8203933067277278,0.10926575515053574,-1.3422791709941677,-0.29560030447352664,0.3591888364420176,0.8079728117954195,-0.4390176993009034,0.26195434465972633,-0.4468056572371097,0.15674584999393382,-0.012800571858762488,-0.45912072520836905,1.208789206883143,0.30999206788933253,-0.13972707114795316,0.6762870330600873,0.4590763410581078
RbAuBr3,1.378505317491239,1.6384311366746855,2.22839449724228,1.7396670532170564,-2.0093282243361874,2.2105193290689567,0.5879656733628059,1.2196870759167096,-0.7194639312870906,1.2356052505540174,-0.6597873701411492,-0.35844491382221866,0.4554025256315916,0.5374988771323002,-0.7725928029572819,-0.6008025527688909,-0.12926830943759074,-0.2477460625798608,0.28301912666609114,-0.6010665676399018,1.3005269412444447,0.6250012383122826,-0.23749288553415784,2.503340245117083,-0.3171371917783835,-0.038852151541381066,1.7808829971166347,1.1499434274719789,-0.34211910584816857,-0.4390176993009034,1.6582736387528754,-0.5773145906792347,-0.8635761318311539,0.296529534693561,-0.45912072520836905,0.11059082048529321,1.288388932725229,-1.212527638261307,-0.6327746749098343,0.8950203945944912
RbAuI3,1.0858575598651539,2.1872053687660835,3.955460200164176,2.4876016275641986,-2.4784828213990036,2.430772782895787,0.5879656733628059,1.7506522576408055,-0.7194639312870906,1.3379251585971281,-0.6597873701411492,-0.35844491382221866,0.4554025256315916,0.5374988771323002,-0.7048051225001073,-0.6008025527688909,-0.12926830943759074,-0.2110612892620522,-0.05254195794318222,-0.6010665676399018,1.3005269412444447,4.120077883890814,-0.23749288553415784,2.503340245117083,-0.3171371917783835,-0.038852151541381066,1.7808829971166347,3.090886514545518,-0.34211910584816857,-0.4390176993009034,1.6582736387528754,-0.5773145906792347,-0.934785436754766,0.05446872252875358,-0.45912072520836905,0.49471620747125494,1.288388932725229,-2.022689026491669,-0.6327746749098343,0.8950203945944912
RbBiO3,-0.4490500668675767,-0.14113121052509187,-0.36220405714056436,-0.15893609704876788,0.5713558484042306,-0.6149587627303137,0.5879656733628059,-0.37408172239890375,-0.7194639312870906,0.3249818524015924,-0.6597873701411492,-0.4267956449833793,0.1875186870247729,0.5374988771323002,-0.9990721113509434,-0.6008025527688909,-0.8763832949270711,-1.1221536505463567,0.8078954822886595,-0.6010665676399018,1.4518059747588838,-0.36743055569971245,-0.23749288553415784,-1.0000545798004203,0.748870175543916,-0.038852151541381066,0.2123579609237968,0.3591888364420176,-0.34211910584816857,-0.4390176993009034,0.12185541883098232,-0.5890269308599383,-0.029320693448404024,-1.1928947500599572,-0.45912072520836905,-0.7205654257996832,0.2500902190218291,-0.13972707114795316,1.1881006331686277,-0.4754053470236032
RbBrO3,-0.4490500668675767,0.27828297225742066,-0.36220405714056436,-0.15893609704876788,0.5713558484042306,0.48602314682214015,0.5879656733628059,0.30721626661996976,-0.7194639312870906,0.6623365491129138,-0.6597873701411492,-0.7023286131891382,0.1875186870247729,0.5374988771323002,-0.286821286112192,-0.6008025527688909,-1.1388859558900428,1.2915303989533045,-1.2238707155807902,-0.6010665676399018,-0.3635424274143866,-0.36743055569971245,-0.23749288553415784,-1.0885377567887213,-1.1699430856362238,-0.038852151541381066,,0.3591888364420176,-0.34211910584816857,-0.4390176993009034,2.846779526200054,-6.353891598939128e-05,1.9323504299277534,1.0337841027722618,-0.45912072520836905,-0.17803385836446087,2.1270148168702825,-0.13972707114795316,0.9371151177307859,2.7233590461915638
RbCaH3,-1.127913232517202,0.18492897562486146,-1.0338407193879684,-2.5753401064779977,,-0.28348855483911195,0.5879656733628059,-0.042736771357524336,-0.7194639312870906,1.097526913226644,-0.6597873701411492,-0.5482554622683781,-3.8307388920775076,0.5374988771323002,-0.9990721113509434,-0.6008025527688909,-0.33875221687440876,-1.1221536505463567,1.3850842041510387,-0.6010665676399018,-0.9308388030935336,1.2677129011010397,-0.23749288553415784,1.1558806970718893,1.6016760694017553,-0.038852151541381066,-1.143625342423583,-1.581754250631522,-0.34211910584816857,-0.4390176993009034,-0.9152268796162955,0.2893985826928265,-0.2983990109220178,-1.1928947500599572,-0.45912072520836905,-0.7205654257996832,-1.7865726424733013,-0.15138532289765091,1.9902700256464367,-1.3035394036766228
RbIO3,-0.4490500668675767,0.2955170772269084,-0.36220405714056436,-0.15893609704876788,0.5713558484042306,0.4705442223380614,0.5879656733628059,0.20684188549722085,-0.7194639312870906,0.5411067646630409,-0.6597873701411492,-0.5851762173277307,0.1875186870247729,0.5374988771323002,-0.5588623998622699,-0.6008025527688909,-1.0248301514766625,1.2793436240540228,1.0291769493833514,-0.6010665676399018,0.3172132234005898,-0.36743055569971245,-0.23749288553415784,-1.0848434718611641,-0.10393571831392436,-0.038852151541381066,-0.5850854398297048,0.3591888364420176,-0.34211910584816857,-0.4390176993009034,2.503537157919631,-0.43509331705640614,-0.19094955828447338,0.9365341405134846,-0.45912072520836905,-0.5889381765453076,1.5279963281952444,-0.13972707114795316,1.9115294717835842,1.7608688321307913
RbMgF3,1.4123489357201058,-0.4942547821819428,-0.26625596253379236,-0.4466032410284384,0.5426881507425069,-0.9739413944047869,0.5879656733628059,-0.7329287007551784,-0.7194639312870906,0.33928651594259296,-0.6597873701411492,-0.5510955203498666,0.4554025256315916,0.5374988771323002,-0.9990721113509434,-0.6008025527688909,-0.519658573316945,-1.1221536505463567,0.2503475904897579,-0.6010665676399018,-1.233396870122412,-0.3555324224381685,-0.23749288553415784,0.7067275143901581,0.3224672286149958,-0.038852151541381066,-1.1126502681794388,-1.653641031634246,-0.34211910584816857,-0.4390176993009034,-0.9428964174674724,0.9185185695420444,0.6195033455746607,-1.1928947500599572,-0.45912072520836905,-0.7205654257996832,-1.1675868708424282,2.1225636079289667,-0.011052385034395493,-0.22058427214197587
RbPbBr3,1.378505317491239,2.137816698529476,2.22839449724228,1.7396670532170564,-2.0093282243361874,2.6781624667532813,0.5879656733628059,1.5341490757434206,-0.7194639312870906,1.0375886076092506,-0.6597873701411492,-0.7265164411831501,0.4554025256315916,0.5374988771323002,0.12023435001764086,-0.6008025527688909,-0.8234210746373056,-1.0714303584734788,0.504711134516061,-0.6010665676399018,1.413986216380274,0.6250012383122826,-0.23749288553415784,-0.6968761814902518,1.6016760694017553,-0.038852151541381066,0.4693851727369089,1.1499434274719789,-0.34211910584816857,-0.4390176993009034,-0.5331070594183961,-0.5756413992248486,-1.0140464764253994,-0.31613754494658447,-0.45912072520836905,0.3385746102580484,0.8690759906527021,-1.212527638261307,0.68777003049842,-0.38277588897482023
RbPbCl3,1.6213830483101663,1.7213117449063116,0.5013287943203837,1.1643327652577153,-1.5853972541236352,2.188171317613871,0.5879656733628059,1.1518810257558048,-0.7194639312870906,0.9025364750557083,-0.6597873701411492,-0.7265164411831501,0.4554025256315916,0.5374988771323002,0.1243294167471021,-0.6008025527688909,-0.8234210746373056,-1.0705030502707837,0.7779985889443739,-0.6010665676399018,1.413986216380274,-0.5552510878997988,-0.23749288553415784,-0.6968761814902518,1.6016760694017553,-0.038852151541381066,0.4693851727369089,0.3689915793060257,-0.34211910584816857,-0.4390176993009034,-0.5331070594183961,-0.5756413992248486,-0.9724652438015373,-0.33959077925696207,-0.45912072520836905,0.29037311664850973,0.8690759906527021,-0.5264644661108842,0.68777003049842,-0.38277588897482023
RbReO3,-0.4490500668675767,-0.737578829227308,-0.36220405714056436,-0.15893609704876788,0.5713558484042306,-1.221302697271622,0.5879656733628059,-0.9801965300704624,-0.7194639312870906,-0.49619673060822955,-0.6597873701411492,0.6606625944186315,0.1875186870247729,0.5374988771323002,-0.9990721113509434,-0.6008025527688909,1.8698128846948874,-1.1221536505463567,-0.45944382925367055,-0.6010665676399018,1.1492479077300055,-0.36743055569971245,-0.23749288553415784,-0.5509013971186891,-0.3171371917783835,-0.038852151541381066,2.064271974243912,0.3591888364420176,-0.34211910584816857,-0.4390176993009034,-0.7736102154244068,-0.563929059044145,1.0738362785132975,-1.1928947500599572,-0.45912072520836905,-0.7205654257996832,0.010482823551813568,-0.13972707114795316,-0.854232482649107,-0.08828725352940539
RbSbO3,-0.4490500668675767,-0.5531969749439213,-0.36220405714056436,-0.15893609704876788,0.5713558484042306,-1.0338615616569489,0.5879656733628059,-0.7928262252140751,-0.7194639312870906,0.1644326010275804,-0.6597873701411492,-0.01574457198925281,0.1875186870247729,0.5374988771323002,-0.9990721113509434,-0.6008025527688909,-0.537768053373328,-1.1221536505463567,-0.37897784121923683,-0.6010665676399018,0.24157370664337022,-0.36743055569971245,-0.23749288553415784,-0.8203933067277278,0.10926575515053574,-0.038852151541381066,-0.29560030447352664,0.3591888364420176,-0.34211910584816857,-0.4390176993009034,0.26195434465972633,-0.4468056572371097,0.9931985120646531,-1.1928947500599572,-0.45912072520836905,-0.7205654257996832,0.30999206788933253,-0.13972707114795316,0.6762870330600873,0.4590763410581078
RbWO3,-0.4490500668675767,-0.7006689143256608,-0.36220405714056436,-0.15893609704876788,0.5713558484042306,-1.1837803695377214,0.5879656733628059,-0.942688381374249,-0.7194639312870906,-0.6787741980670546,-0.6597873701411492,1.5235669081776053,0.1875186870247729,0.5374988771323002,-0.9990721113509434,-0.6008025527688909,2.0921769478221712,-1.1221536505463567,-0.2985118531848034,-0.6010665676399018,1.1114281493513956,-0.36743055569971245,-0.23749288553415784,0.819015810060591,-0.3171371917783835,-0.038852151541381066,1.772644945455958,0.3591888364420176,-0.34211910584816857,-0.4390176993009034,-0.02524845328919903,-0.5722950163160762,0.9141980606708017,-1.1928947500599572,-0.45912072520836905,-0.7205654257996832,0.9289778395202055,-0.13972707114795316,-0.7541663621150652,-0.06673516960453436
ReTlO3,-0.4490500668675767,-0.7295440615998436,-0.36220405714056436,-0.15893609704876788,0.5713558484042306,-1.2131346160125127,-0.9516284149009756,-2.9288990138627335,2.4519420794471682,-0.4660535829277856,,-0.7564317196414974,0.1875186870247729,-1.2838166371915976,-0.9990721113509434,3.2132562686295008,-0.8456669031560987,-1.1221536505463567,-0.45944382925367055,5.17430591772083,1.3761664580016642,-0.36743055569971245,-0.4239446111743211,-0.5733590562527757,2.0280790163306746,1.866156569197307,0.5534132996758109,0.3591888364420176,-0.642605549070655,1.4766958976484934,-0.718738136141482,-0.5773145906792347,1.0226168503130166,-1.1928947500599572,1.910534630705794,-0.7205654257996832,-0.5486010992115551,-0.13972707114795316,0.517165497128906,-1.3070473567664591
ScBO3,-0.4490500668675767,-0.749490677234147,-0.36220405714056436,-0.15893609704876788,0.5713558484042306,-1.0844254453482183,-0.9693248986741229,-0.2851756381686361,1.348634888141012,-1.0222050616482605,1.2035769607485416,1.4236915323119206,0.1875186870247729,-1.0814482467111644,1.3579119898602883,1.3062268579303056,0.823948011511475,0.4127612619206986,-1.7066666437873916,2.1549615780911404,-1.4981351787726807,-0.36743055569971245,-1.0205901332228433,-0.786706818026598,-2.449151926422983,-0.8409610865892497,-0.9936928021992676,0.3591888364420176,-0.06955396929679804,0.19955349968222882,-0.6311763074985169,0.9235381439052033,-0.39643005474812226,-0.3101264891849893,1.910534630705794,1.2336048632747683,0.29002478493349837,-0.13972707114795316,-1.5875038904969199,0.23983280491381667
SrWN3,-1.782886785299392,0.7841463524819277,-0.45815215174733637,0.01366418933903443,-0.48147154715918444,0.2613733788492061,-0.36764445038712706,0.11289884067704038,0.5969465283746798,-1.0114975746415185,0.3296436898560627,1.5235669081776053,-0.0803651515820458,-1.8161579310387368,0.4871969335823584,-0.14170287982278815,2.0921769478221712,1.303093689344991,-0.5608530196532306,0.7526642677707251,1.1114281493513956,-0.3753980556516392,-0.6663318545065332,0.819015810060591,-0.3171371917783835,0.011279656899110724,1.772644945455958,-0.8890270882416395,-0.41790550966976914,-0.1197320998093373,-0.02524845328919903,-0.5722950163160762,0.16978850697826656,1.1642259636787191,-0.45912072520836905,3.9979299944265816,0.9289778395202055,0.4049529673745289,-0.7541663621150652,-0.06673516960453436
TiCdO3,-0.4490500668675767,-0.2947787051513855,-0.36220405714056436,-0.15893609704876788,0.5713558484042306,-0.7381934585158858,-1.0401108337667107,-0.1268087324148734,1.5798989278397302,-0.3814972799673042,1.9350629584118497,-0.6585443844328546,0.1875186870247729,-1.6716893856124277,1.8737131341623845,1.9419033281633706,-0.8294418643126588,0.6276853680745982,1.0291769493833514,2.3880659739166545,0.12811443150754082,-0.36743055569971245,-0.9087190978387455,-0.0006887483335684428,0.5356687020794559,-0.7908292781487579,0.02617799339250407,0.3591888364420176,-0.12805575470294578,0.518839099173795,-0.9428964174674724,-0.40664906233184045,-2.2969588299803165,-0.2646791371817692,1.910534630705794,0.8765916934460932,-0.40883011852071316,-0.13972707114795316,-0.1750952055820047,0.7313418181857098
TiPbO3,-0.4490500668675767,-0.7747696211970652,-0.36220405714056436,-0.15893609704876788,0.5713558484042306,-1.0643904265341815,-1.0401108337667107,-3.122922799171307,1.5798989278397302,-0.6665936288441293,1.9350629584118497,-0.7265164411831501,0.1875186870247729,-1.6716893856124277,-0.7256387552353794,1.9419033281633706,-0.8234210746373056,-0.8062054610369771,1.9947688057965551,2.3880659739166545,1.413986216380274,-0.36743055569971245,-0.9087190978387455,-0.6968761814902518,1.6016760694017553,-0.7908292781487579,0.4693851727369089,0.3591888364420176,-0.12805575470294578,0.518839099173795,-0.5331070594183961,-0.5756413992248486,-2.721341864964503,-0.8514089684241661,1.910534630705794,-0.7205654257996832,0.8690759906527021,-0.13972707114795316,0.68777003049842,-0.38277588897482023
TlCrO3,-0.4490500668675767,-1.1711399569149799,-0.36220405714056436,-0.15893609704876788,0.5713558484042306,-0.4351898817093787,-1.3055580903639143,-0.5526502201268425,0.9554643366679215,-0.30421190337034015,,0.041529932654102035,0.1875186870247729,-1.0196134607310323,0.9071586928986635,2.224426203822511,0.6647127290177842,0.7823334401406487,-0.8215407754086221,-0.11551194660303969,-0.7795597695790945,-0.36743055569971245,-0.4612349563023537,-0.03437523703469828,-0.10393571831392436,2.1669474198402576,-0.22261116675993134,0.3591888364420176,-0.6532422373263184,3.39240949459789,-0.192199673235119,-0.0418933252756448,1.4046748133830365,0.6640830071569643,0.7257069527487126,-0.4758814017475364,-0.46873196738821704,-0.13972707114795316,-1.1216222801417097,-0.8420168198577216
TlIO3,-0.4490500668675767,0.013577832340651838,-0.36220405714056436,-0.15893609704876788,0.5713558484042306,-1.170194273303094,-1.3055580903639143,-0.8600795402965764,0.9554643366679215,0.5883941191048357,,-0.5851762173277307,0.1875186870247729,-1.0196134607310323,-0.9990721113387782,2.224426203822511,-1.0248301514766625,-1.1221536505384087,1.0291769493833514,-0.11551194660303969,0.3172132234005898,-0.36743055569971245,-0.4612349563023537,-1.0848434718611641,-0.10393571831392436,2.1669474198402576,-0.5850854398297048,0.3591888364420176,-0.6532422373263184,3.39240949459789,2.503537157919631,-0.43509331705640614,-0.23392933933949273,-1.1928947500534581,0.7257069527487126,-0.7205654257996832,1.5279963281952444,-0.13972707114795316,1.9115294717835842,1.7608688321307913
YVO3,-0.4490500668675767,-1.3205497122517675,-0.36220405714056436,-0.15893609704876788,0.5713558484042306,-0.2084332090667008,-0.6684846745306253,-0.6163172908618879,1.0500984525414852,-1.0967646768162116,0.9340821195041653,0.06519708333317427,0.1875186870247729,-0.43499366600978095,0.9649424540262569,0.8118118255268099,0.6675393908371988,0.6714409291891258,-0.21804586515036994,2.1274295628361584,-0.8173795279577042,-0.36743055569971245,-1.001944960658827,-0.741791499758425,-0.3171371917783835,0.06141146533960252,-0.39231503096987075,0.3591888364420176,-0.4285421979254324,0.19955349968222882,-0.3521459468896017,0.02503433289980391,-0.7652371855472438,0.9726755095667605,1.910534630705794,-0.4568026030676847,-0.5286338162557209,-0.13972707114795316,-0.9428156057448158,-0.856370747925679
YWN3,-1.782886785299392,-0.7916879152189655,-0.45815215174733637,0.01366418933903443,-0.48147154715918444,-0.671055311533847,-0.6684846745306253,-1.1384447387896761,1.0500984525414852,-1.3729755710079294,0.9340821195041653,1.5235669081776053,-0.0803651515820458,-0.43499366600978095,0.4071381517102108,0.8118118255268099,2.0921769478221712,0.45990900779605914,-0.48644953756659653,2.1274295628361584,1.1114281493513956,-0.3753980556516392,-1.001944960658827,0.819015810060591,-0.3171371917783835,0.06141146533960252,1.772644945455958,-0.8890270882416395,-0.4285421979254324,0.19955349968222882,-0.02524845328919903,-0.5722950163160762,-0.7644610117373606,-0.1347187419616508,1.910534630705794,-0.20484865451112724,0.9289778395202055,0.4049529673745289,-0.7541663621150652,-0.06673516960453436
